protein	fraction_significant	binom_p_val	binom_fdr	lower_ci_logFC	median_logFC	upper_ci_logFC	lower_ci_av_exprs	median_av_exprs	upper_ci_av_exprs
AT1G03220.1	0	1	1	-2.54803094713486	-1.65883693876361	-0.674743727730836	17.6271140305823	18.072914436276	18.5587436751678
AT1G03230.1	0	1	1	-1.42429271695326	-1.00246000809755	-0.326952224196937	16.1687186435005	16.3324339238211	16.6752105379026
AT1G04410.1	0	1	1	-0.426411544641578	-0.139630057755641	0.066823660682904	16.2493481029201	16.3498715239126	16.5307843862708
AT1G04510.1	0.078	1	1	1.22972011400158	3.86925554171708	7.38857713712678	12.0221870045175	13.7893781083885	15.095855786723
AT1G04860.1	0.576	8.60116544615005e-07	3.31144869676777e-05	-6.92787952700922	-4.41848142757733	-2.73381084642346	13.9550469250721	15.1661318305387	16.0465045424298
AT1G06220.1	0.131	1	1	1.51182095283806	4.07936518675592	7.61996418346725	12.2724207338777	14.0697660209154	15.3449003792269
AT1G06680.1	0.073	1	1	2.01371978252726	4.42201250705927	8.35508763983124	12.2625248419263	14.2124772593547	15.4407982493226
AT1G09340.2	0	1	1	-0.200145669004329	-0.0162297560947534	0.196530613406661	16.9155171160248	17.004304749938	17.0587432301622
AT1G09760.1	0.107	1	1	1.81683062891597	4.40866881183728	8.00364977898645	12.250300035139	14.0752255150792	15.3043719982858
AT1G11650.2	0.138	1	1	1.72269080131184	4.33525203183182	8.08019355049932	12.169218663154	14.0337621147522	15.3148133605908
AT1G12900.5	0	1	1	-1.70172000201903	-0.385858102053199	0.509909380407376	16.8602325211	17.2820611809338	17.8864917434188
AT1G12920.1	0.067	1	1	1.67744155117497	4.148870078721	7.83714003853896	12.2979973178624	14.0943295387035	15.3310193866617
AT1G13190.1	0.044	1	1	0.952525835011944	3.44060339061349	7.17991805009409	11.8559113090626	13.6962694028358	14.9355185428279
AT1G15750.1	0.148	1	1	1.94327418521234	4.5408977615554	8.41804877634815	12.277823224588	14.1682465683402	15.4657171010667
AT1G15820.1	0	1	1	0.40334832061295	0.563236604623575	0.736764793827377	17.5856911698337	17.6150099296198	17.6456426725276
AT1G16030.1	0	1	1	-4.31217545300378	-3.96881420663662	-3.46859727877043	17.6360671772892	17.8192299941259	18.0251496797508
AT1G20010.1	0	1	1	-1.1200624914161	-0.618351847414903	-0.119039586658419	17.6612006208255	17.8807475432982	18.1130815535859
AT1G20620.6	0	1	1	-0.952943065213858	-0.794796144440863	-0.621744645787609	19.5253506313163	19.5429330426222	19.5682492354812
AT1G20960.1	0.141	1	1	1.76837995529484	4.29889912956575	8.10594130865761	12.2072273433537	14.1161324064608	15.36513984434
AT1G23130.1	0.242	1	1	2.46294478251909	4.80132428881501	8.82470103089776	12.4664179504723	14.4843023859212	15.6458231933688
AT1G23310.1	0	1	1	-2.90605336167373	-1.86296911752807	-0.256286990923338	16.9085952420458	17.6640691909416	18.1958919807922
AT1G24360.1	0	1	1	-0.898417780351578	-0.65679832823969	-0.450345326647515	16.1240687608785	16.1910233085808	16.3250501377627
AT1G26630.1	0.208	1	1	2.28480154833091	4.87308464953055	8.5164296699645	12.5633693160366	14.4152514005106	15.6963691479064
AT1G29670.2	0	1	1	-0.468497464634174	-0.150270947387394	0.185614117939093	16.2653171545165	16.460474406792	16.6201183547832
AT1G30230.2	0	1	1	-3.32513426218177	-2.10669055607435	-0.276378075441721	16.6656072363548	17.5829886227317	18.2006626104429
AT1G31330.1	0	1	1	-2.10162861394802	-1.54109697020818	-0.978824870860358	17.440073338557	17.7017966593707	17.9822624862415
AT1G32060.1	0	1	1	-3.262544016956	-2.15120506126347	-0.847378577291195	16.7382507767932	17.3902425631693	17.9262662576156
AT1G32360.1	0.629	1.51417147804719e-16	6.66235450340762e-15	5.31901838117642	7.87581312716325	11.4356425614844	14.0356247144433	15.8211926401292	17.102309166808
AT1G33140.1	0	1	1	-2.31985978790843	-1.06373167517308	0.165734660708405	17.1214597047953	17.738862340786	18.3409512486798
AT1G33590.2	0	1	1	-0.602599530621153	-0.0269548246769453	0.188922058319348	17.4527951821313	17.7391877199877	17.7963423436957
AT1G33600.1	0	1	1	-0.796441019147433	-0.0732924223424044	0.256009781545963	16.0871770569438	16.4342810752452	16.6429220297289
AT1G41830.1	0	1	1	-1.6247902836046	-0.659219697691057	-0.230043197334999	16.4148802805317	16.6351672856672	17.087051312297
AT1G42970.1	0	1	1	-0.0905983934591969	0.0675485273138001	0.240600025967053	19.6937509643755	19.7113333756815	19.7366495685404
AT1G43170.1	0	1	1	-0.705267501806906	-0.417137126415899	-0.20848219316826	16.3011375573367	16.3581489100672	16.5235782158146
AT1G44575.1	0	1	1	-0.820901282557646	-0.362711162226228	-0.0707637693408065	17.0919291518096	17.2196168578293	17.4227912962661
AT1G47128.1	0.123	1	1	1.94847708092865	4.45404381399229	8.25529330108608	12.3548333690863	14.241568974579	15.5191943119896
AT1G48030.1	0	1	1	-1.42056636103081	-0.741300157486686	-0.37379873639518	15.780804630271	16.1263062444128	16.3482396756384
AT1G48610.1	0	1	1	-1.08143355308399	-0.884110439865688	-0.667038619508292	16.7816831509573	16.8355669840295	16.9099723889587
AT1G49750.1	0	1	1	-2.51703927272962	-1.78669366641863	-1.3195614028951	17.0120427605653	17.3031881034052	17.6674629297541
AT1G50480.1	0	1	1	-1.3904558324454	-0.662459052130293	-0.0692909508175063	15.9336790727086	16.2952967027258	16.6096741081712
AT1G52100.1	0	1	1	-0.82893790304374	-0.353559284808603	0.0858296317906334	16.2322485703693	16.4469359513133	16.7063827181379
AT1G52400.1	0	1	1	0.221467200065987	0.584221512613089	0.805698293152722	16.6425551583951	16.7689957013735	16.9534577430751
AT1G53240.1	0	1	1	-1.43929269342599	-0.67784746016065	-0.248731338459578	16.0325537847953	16.3896455312615	16.6618029881745
AT1G54000.1	0.096	1	1	1.83131857667463	4.26580904660746	7.95714302144726	12.2300708935197	14.0234309135353	15.2161528993797
AT1G54010.1	0.06	1	1	-3.70548309981865	-2.74646811711031	-2.14133213149383	17.0004847952409	17.2905182217452	17.7790166708692
AT1G54270.1	0	1	1	0.258265346210699	0.416412266983696	0.589463765636949	18.7670964283506	18.7846788396565	18.8099950325154
AT1G55490.1	0	1	1	-1.76402724454933	-0.445465051396547	-0.0605011450006793	16.1291283777423	16.4854954182295	17.1731154139587
AT1G56070.1	0	1	1	0.453302172064074	0.903966111146052	1.1715700930073	16.8009606027289	16.9142469304926	17.1538787946866
AT1G58270.1	0	1	1	-3.10107741617698	-2.03402935264479	-0.351869601167174	16.9006204444354	17.7053972931814	18.2201549296885
AT1G61010.1	0.14	1	1	1.64019343307065	4.17772514434527	7.9314028202282	12.1978167330395	14.0786304641972	15.3324956368857
AT1G61520.1	0.875	1.76651527680515e-139	2.72043352627994e-137	-8.45805563189578	-6.33684540984668	-4.80566960077305	15.0737825663254	16.1308372508946	16.8364972623138
AT1G67090.1	0	1	1	0.923450229398228	1.29916493492634	1.51976553029788	16.9317382010211	17.0444988811161	17.2647263361723
AT1G68010.2	0	1	1	-0.781967960445193	-0.124066036425131	0.187625938472104	16.119602760665	16.4696553693515	16.6194243738217
AT1G68560.1	0	1	1	-1.46644384078558	-0.95173236927797	-0.618343133648379	16.4572852579399	16.5882300274506	16.838290145235
AT1G70410.2	0.072	1	1	1.05856238608498	3.63972110321727	7.19958970425147	11.9218565179952	13.7146187535354	14.9815655726582
AT1G71695.1	0	1	1	-0.467455703650481	-0.000394771755652994	0.888686058719312	16.5138835417149	16.7001516782828	17.183461572325
AT1G72150.1	0	1	1	-3.27392246349131	-2.6389724916281	-2.00983186157747	16.8242041945042	17.1298504338013	17.4482088769343
AT1G72370.1	0	1	1	-2.39273210711046	-1.18496488585381	0.073011002758961	17.0790507717551	17.709032948588	18.3056449398025
AT1G74060.1	0	1	1	-2.52300706389435	-1.70578894266307	-0.417641665127793	17.2411732109562	17.8791349603516	18.2754200530962
AT1G75750.1	0	1	1	-0.487894412720123	-0.0304528745662369	0.171310500576307	16.3764823339504	16.4694586427545	16.7155676903918
AT1G76160.1	0	1	1	-1.05638925562188	-0.344980363598575	0.173680237868001	15.9747969953713	16.3059927498818	16.6047108144207
AT1G76780.2	0.08	1	1	-3.80237437193842	-3.12153673632349	-2.61598702673986	16.9663111644527	17.3190398965127	17.5584534950176
AT1G77180.1	0.081	1	1	1.49896107898254	3.92270099367925	7.43344410737136	12.1615407261774	13.916166411213	15.1245931055981
AT1G78060.1	0	1	1	-3.89422136663174	-3.00936552498449	-0.876990108058098	16.2490779305999	17.3584279317085	17.7869965570022
AT1G78300.1	0.09	1	1	1.4281576823	3.88515141277548	7.6232843401368	12.1078822416913	13.9213202216163	15.1602050604312
AT1G78830.1	0	1	1	-0.206662796730339	-0.0485158759573398	0.124535622695913	17.9838535468685	18.0014359581744	18.0267521510333
AT1G78850.1	0	1	1	-1.48211943112387	-1.32471016662349	-1.14502679466239	17.7630321920494	17.7989669755569	17.8326404787116
AT1G78900.1	0	1	1	-1.07046990454443	-0.73043370286198	-0.456741554236469	16.2974570440652	16.3868763935001	16.5680110729877
AT1G79280.2	0	1	1	-0.661881671581309	-0.469483132500684	-0.29576464924018	17.789219660445	17.8306675293137	17.8931284433755
AT1G79350.1	0.065	1	1	1.37063983469669	3.98399369675188	7.59871406089066	12.0500971699809	13.8732620297854	15.1403454781664
AT1G79920.1	0.093	1	1	1.43881193287784	3.90393795770903	7.73559830975207	12.0465694862972	13.9493218293639	15.1572784368588
AT1G79930.1	0.482	0.879015331915489	1	3.95559365257436	6.54823317051447	10.5821283090444	13.1871611323013	15.1830767511578	16.4611369070775
AT1G80930.1	0.093	1	1	1.39460511588694	3.94055950357713	7.83624536621878	11.9059556630036	13.8043302439365	15.1173072850685
AT2G01250.1	0.099	1	1	1.35478443844468	3.79433548580024	7.63659070771557	11.9926631449283	13.9102264326498	15.1036942406755
AT2G02100.1	0.407	0.999999998489139	1	3.64343136919975	6.08744359038815	9.50744602850764	13.2823299572307	14.960382182401	16.1813602329462
AT2G02470.1	0.276	1	1	2.69571057680576	5.06155644397629	8.9417860506092	12.5265583600299	14.5118064906559	15.7019578986305
AT2G05920.1	0	1	1	-0.870737369988808	-0.403099716235766	-0.0400758754892723	16.2413028289247	16.4023883470056	16.6336485336047
AT2G06850.1	0	1	1	0.487248670838445	0.651187852525053	0.83193842475114	16.1661187843151	16.1932172371589	16.2268614913685
AT2G10940.1	0	1	1	-0.230059412462462	-0.0719124916894577	0.101139006963793	19.8412104597443	19.8587928710502	19.8841090639091
AT2G13360.1	0	1	1	-3.5239215501686	-2.65017553277758	-1.08645691774733	16.7476441563427	17.5546546774966	17.9764736369169
AT2G16485.1	0.254	1	1	2.79680335254984	5.07748808010987	8.37981888220066	12.86925741004	14.5169939865213	15.673055978845
AT2G16950.1	0.039	1	1	1.19690309596522	3.70307478249479	7.45099622763125	11.973340693133	13.8164621171286	15.0452743644092
AT2G17360.1	0	1	1	-0.20640166024728	0.0438194745010243	0.338930559999285	16.2554214968565	16.3827463769634	16.4662946059962
AT2G18020.1	0	1	1	-0.133364238240676	0.144173279785579	0.365876996307203	16.4811879108029	16.5655811694833	16.7358026218675
AT2G18960.1	0	1	1	-0.452501579830693	-0.117487769361368	0.123999626535341	16.2352431209649	16.3498512643612	16.5406448468436
AT2G19480.1	0.262	1	1	2.55521902442788	5.04500013981993	8.49134738989539	12.7729809947995	14.4766606756131	15.7613836099219
AT2G21330.1	0	1	1	-0.704453398283271	-0.543007077662788	-0.350935589977724	16.7423621651939	16.7988160236359	16.8451217357623
AT2G21390.1	0.136	1	1	1.65175435798797	4.18444779898031	8.04599890106729	12.0532948022695	14.0117051565639	15.2963316165138
AT2G21410.1	0.715	1.50006639124498e-43	7.70034080839091e-42	-4.25090084983084	-4.03443249339497	-3.79775974920481	17.7733239746117	17.8525344297587	17.9326175103948
AT2G21660.1	0	1	1	-0.506632427555898	-0.0405711205069945	0.18067141242523	16.4256233336775	16.5228612488798	16.7709977541509
AT2G24270.2	0	1	1	-0.318270815259925	-0.0467178013189925	0.165705746238005	16.3009073811442	16.4088739667341	16.5850978265868
AT2G25970.1	0	1	1	-0.456405335257368	0.0934645070433975	0.303708969754671	16.3511964957378	16.4552617133056	16.7647982716658
AT2G28000.1	0.388	0.99999999999955	1	-7.79646144159621	-5.0815320037931	-2.49773058278862	13.8812241385021	15.4310055748743	16.6232537598727
AT2G30620.1	0	1	1	-2.62599035553329	-1.84625837129668	-1.00178191909588	17.5740247590367	17.9864853129724	18.3797562258235
AT2G33210.1	0.141	1	1	-5.71475665073779	-3.56775449079015	-2.26444795629667	13.6999162193635	14.8290685842289	15.5180186482486
AT2G33340.1	0.089	1	1	1.44238476151456	3.96097867155317	7.49974935493985	12.0348795725284	13.8553601246874	15.0935072201823
AT2G33730.1	0.071	1	1	1.2657264106064	3.95611555865769	7.7443790139881	11.9667892448582	13.8563898595824	15.1682815381728
AT2G34040.1	0	1	1	0.127109078927378	0.523955452473225	0.839595406585377	16.5117011085655	16.6547706451729	16.902974422104
AT2G34420.1	0	1	1	-0.172955164282125	-0.0157760464254276	0.159871105781611	20.1103495776325	20.1371116892766	20.1706274672372
AT2G36530.1	0	1	1	-1.58671501620005	-0.634141500496457	-0.220292109218732	16.3980541265859	16.5863980873079	17.091424798798
AT2G37340.1	0.125	1	1	2.06850784895587	4.53561859747257	8.37940492879835	12.2796651114407	14.2156091001306	15.4705234897322
AT2G38540.1	0	1	1	-2.54833845755722	-1.96042289916405	-1.23595093355632	18.122380109054	18.4677526990068	18.7466903963408
AT2G39310.1	0	1	1	-3.9212150241478	-2.42514715976394	-0.254315952013265	16.1207392208967	17.1093692832888	17.8860715093557
AT2G39730.1	0	1	1	-0.7168665880949	-0.558719667321902	-0.385668168668649	18.6233020639614	18.6408844752673	18.6662006681263
AT2G39800.1	0	1	1	-0.523295381547945	-0.235313585990787	-0.041307486416025	16.26028415074	16.3407362103196	16.5224098584038
AT2G41530.1	0	1	1	-2.6348801042017	-1.92917113920732	-1.50251287351507	16.8968475272329	17.1134979933042	17.4754142380926
AT2G41840.1	0.172	1	1	2.66732146068927	5.21123309503204	8.91782885275605	12.6364148906771	14.4965648276354	15.7587743380228
AT2G42250.1	0.742	3.77381643844952e-55	2.32467092608491e-53	-8.34704649148245	-6.0348584943222	-4.34456190940241	14.8582523329338	15.9248872281755	16.7657349448742
AT2G42520.1	0	1	1	-0.246910382957268	-0.0113879127752975	0.226748689246419	16.4420819542947	16.520792291426	16.6543760028033
AT2G43030.1	0.092	1	1	1.19008459364986	3.74446625998361	7.76016094675747	11.8963765964738	13.8553579923822	15.1457111744404
AT2G47610.1	0.115	1	1	1.44641996607202	4.048384062731	7.88082645818027	12.1828099736358	14.0382463797649	15.2797053387345
AT3G01500.2	0	1	1	-1.80983356393239	-1.52098105947442	-1.12200906508533	18.122523825375	18.3085595804129	18.4399692866621
AT3G01540.2	0.128	1	1	1.78977213512427	4.30480148935844	8.24975919174812	12.1418123886562	14.114973891451	15.3522894977483
AT3G04120.1	0	1	1	0.59050803742232	0.762943451681199	0.947633823479956	18.2613390279142	18.3038190728282	18.3469492543818
AT3G05680.1	0.815	3.73886728722543e-95	3.83857041488477e-93	7.72492434017063	10.1215521713258	13.8527748985089	15.2086843593768	17.0570015264699	18.2526572035688
AT3G08580.1	0	1	1	-3.17763035721141	-2.91065466635215	-2.56556706591627	17.145129377978	17.2877627697601	17.389570734322
AT3G08940.2	0	1	1	-0.867609311535947	-0.351524769170914	0.131773288243006	17.1476178340949	17.3682420819084	17.6225933545751
AT3G09260.1	0	1	1	-1.41002821656737	-1.25188129579437	-1.07882979714112	18.2853970352281	18.302979446534	18.3282956393929
AT3G09440.1	0	1	1	-0.516458885484855	-0.223125451652913	-0.0210717547021141	16.2444069500187	16.3281257429561	16.517069017334
AT3G09820.1	0	1	1	-0.66399090723621	-0.288006926131255	-0.0210216854292957	16.1313584093989	16.2504693174448	16.496488004979
AT3G09840.1	0	1	1	-1.33993102525454	-0.60047831206179	-0.162126418542676	15.8455015996429	16.2057806320277	16.4831083451648
AT3G11130.1	0	1	1	-0.201759103817964	0.223909792905033	0.503326543565708	16.5530758482977	16.6877081556809	16.8977408750663
AT3G11510.1	0.353	1	1	3.11190521042091	5.51388626261322	9.64188679728546	12.7052048233837	14.7967284364301	15.9972709068701
AT3G12290.1	0	1	1	-1.27584427221	-0.181455961701819	0.170814849235879	16.3579576313124	16.5108675105042	17.0700682335204
AT3G12580.1	0	1	1	-1.27998313028241	-0.437303325320864	0.0148274291074769	16.2477182803219	16.5007139116607	16.9372391259146
AT3G12780.1	0	1	1	-2.94062130624418	-1.47413308610627	-0.413108005839764	16.4774098059406	16.9963089410674	17.7266316557196
AT3G13570.1	0.136	1	1	2.09396828022257	4.47613904581671	8.26769692905703	12.3954080841422	14.3043936974689	15.5044556561713
AT3G13930.1	0	1	1	-1.18813079211507	-0.503702495037378	-0.144335266325256	15.8602413789971	16.2013393062232	16.400142909684
AT3G14210.1	0	1	1	-0.594560469787491	-0.422536779111925	-0.209396237428612	16.2182374760654	16.2513249006475	16.2988179874696
AT3G14240.1	0.071	1	1	1.33950928819228	3.77181566777586	7.64846216075321	11.9096899135582	13.8392374597681	15.1086512446621
AT3G14310.1	0	1	1	0.400064262497266	0.558211183270263	0.731262681923516	19.6637507847117	19.6813331960176	19.7066493888766
AT3G14415.2	0	1	1	-2.00274876723105	-0.735586618315906	-0.24060554372073	16.3804722609907	16.6262441749668	17.3261641711353
AT3G14420.1	0	1	1	-0.333168819736649	-0.175021898963652	-0.0019704003104002	18.5003936644739	18.5179760757798	18.5432922686388
AT3G15010.1	0.233	1	1	2.27574096096101	4.81420442634639	8.26292224675094	12.6534298431014	14.3715060114722	15.6310752876725
AT3G15730.1	0	1	1	-2.99381919221381	-2.37536346857486	-1.76759725270191	16.986611826162	17.299353398849	17.5858649010012
AT3G16420.1	0	1	1	-0.565027810284993	-0.406880889511996	-0.233829390858744	18.9745255643099	18.9921079756158	19.0174241684748
AT3G16450.1	0	1	1	-0.414630456971616	-0.238895490962087	-0.0529615534716073	17.1532597944847	17.1929591579157	17.2361754581194
AT3G16460.1	0	1	1	-0.762161149494959	-0.604014228721961	-0.430962730068709	18.4592992626675	18.4768816739734	18.5021978668324
AT3G16470.1	0	1	1	-1.56095871228147	-1.38277632175075	-1.16872467725922	17.4257133782785	17.4637992760197	17.5128739738165
AT3G16530.1	0.08	1	1	1.66607154435601	4.16765518082257	7.98491087276271	12.2100654348187	14.0559950020849	15.3170471305673
AT3G17390.1	0	1	1	0.737413104030446	1.00226326064385	1.18883122050167	16.924582990818	16.9931178066002	17.1559589813919
AT3G18080.1	0	1	1	-1.67776264176362	-0.804127511788074	0.19248982538416	16.8390568984306	17.1866337567649	17.7474802055225
AT3G18130.1	0	1	1	-1.23826518549894	-0.61569988924489	-0.397657100962519	16.0015574261653	16.1146258426385	16.4337680555156
AT3G18740.1	0.161	1	1	2.00828078979882	4.37512203550719	8.31284924713173	12.1354145258015	14.1020998100749	15.3000287772504
AT3G18780.2	0	1	1	-3.00997724776423	-2.85183032699123	-2.67877882833798	20.8813187098328	20.8989011211387	20.9242173139976
AT3G18790.1	0.084	1	1	1.7728821353438	4.34022824929917	8.13887222299702	12.2799294277764	14.1238483000008	15.3535541799888
AT3G19360.1	0.075	1	1	1.42990459179926	3.95907083657055	7.55786360696207	12.1031828514047	13.8881821868714	15.1469877151421
AT3G19760.1	0	1	1	0.205206135508675	0.55429980313953	0.790102303106086	16.6563753500337	16.7461679937072	16.8899264488897
AT3G20370.1	0	1	1	-1.29632305910781	-0.331547322602132	-0.0965150007975359	16.1729251760013	16.2785846490035	16.7708407303714
AT3G20820.1	0	1	1	1.6074484222978	1.7655953430708	1.93864684172405	17.1181942815078	17.1357766928137	17.1610928856726
AT3G22290.1	0.368	1	1	-8.43239345989818	-6.27486377405425	-4.91496780776543	15.1532016469232	16.1970280459023	16.8741730428435
AT3G26060.2	0	1	1	-3.07708606469673	-2.48272014714245	-1.68375071528473	17.519554521291	17.9166343372156	18.1898910301621
AT3G26650.1	0	1	1	0.338972245039656	0.497119165812655	0.670170664465906	17.3862272382357	17.4038096495417	17.4291258424006
AT3G32980.1	0	1	1	-1.42878270705314	-1.1498730932805	-0.924666419400235	15.7655772050538	15.8534747458235	16.0445737355834
AT3G42170.1	0.235	1	1	2.46204682543987	4.88020530149174	8.58031787270566	12.5893226727877	14.4589275685243	15.6568206787812
AT3G44310.1	0	1	1	-1.99998842788792	-1.04225735105533	0.486866361291887	17.4776053422063	18.2506554163289	18.6577845900868
AT3G44320.1	0	1	1	-3.25853490732079	-2.33442773708998	-0.669085771708116	16.7892324558818	17.611597733521	18.0764759526095
AT3G46780.1	0.002	1	1	-2.33548171189547	-0.9843132329298	-0.572156064001466	16.482835987451	16.6784093294674	17.3544658518129
AT3G47800.1	0	1	1	-0.00872914976343919	0.458140490415488	0.733144311296428	16.5973156401103	16.7762806764663	16.9543554049667
AT3G48000.1	0.329	1	1	-5.58310183676361	-3.39865787604844	-2.02087129570678	13.6185690174445	14.7361633575784	15.3994515716328
AT3G48690.1	0.119	1	1	1.94699239832003	4.34649138687795	8.0832625452229	12.1503249134868	14.1089796319326	15.2668723926788
AT3G49010.1	0	1	1	-0.493047965220936	0.0238467166993248	0.239512304517824	16.3387877067501	16.4425472115312	16.7270872194621
AT3G49120.1	0	1	1	-1.21778395800706	-0.615866604129508	0.0113816672561613	15.9670529328207	16.1094575077047	16.5188016436468
AT3G49430.1	0.138	1	1	1.62093840212786	4.20836297872512	8.10286365630833	12.0189752484448	14.0081087765035	15.3064109286541
AT3G49910.1	0	1	1	-2.20736044761403	-1.03918848127409	-0.561077515765634	15.9931157800405	16.2623356176908	16.8842347435425
AT3G52590.1	0	1	1	-0.861837987357606	-0.567666820904886	-0.24989284761309	18.5591748436002	18.7034517975684	18.8207773065198
AT3G52930.1	0	1	1	-3.81343282728022	-3.56066660443184	-3.30054182791446	18.4085866888407	18.5024204679594	18.6056746951649
AT3G53020.1	0	1	1	-0.843637276619947	-0.535264984255885	-0.0771681253045164	16.0799428746083	16.1850994523127	16.4386966721586
AT3G53420.1	0	1	1	-1.45209497711157	0.0166419496024739	0.329811282200891	17.0267323199066	17.1421677041865	17.907886896569
AT3G53500.2	0.109	1	1	1.89456244639658	4.50942133770274	8.24793651800042	12.2788877140816	14.1221324318845	15.3870649181577
AT3G54170.1	0.745	1.54273274503759e-56	1.18790421367894e-54	7.17116856713739	9.65401699559485	13.5027303091822	14.8034527938559	16.7150091389635	17.972802019378
AT3G54400.1	0	1	1	-0.726191617104511	-0.568044696331511	-0.394993197678255	17.4758226271503	17.4934050384562	17.5187212313152
AT3G55220.1	0.066	1	1	-3.13394778693427	-2.35467779419948	-1.12736520207103	16.9616863105846	17.5617834017904	17.941404006532
AT3G55800.1	0	1	1	-1.13110590824986	-0.457013475147472	-0.0919936768026689	15.905577865976	16.240705932245	16.4787686968362
AT3G56190.1	0.079	1	1	1.82117979072081	4.16285936204689	7.82925430485674	12.2087745928637	14.1340412261268	15.2600912950967
AT3G60750.1	0	1	1	-0.569876605726045	-0.361858773831426	-0.116841429380681	16.4581709509465	16.541118400706	16.6182932170258
AT3G61440.1	0	1	1	-3.51302487480137	-2.31507974629865	-0.311916386312271	16.5412779375415	17.5604262383327	18.1196377594191
AT3G61820.1	0.12	1	1	1.52215823732063	4.03372495609517	8.12620678425509	11.9085165826926	13.9943578153922	15.238692232797
AT3G62030.2	0.131	1	1	1.78720182039527	4.25731733180001	7.97416213814822	12.2385010636776	14.2346596295641	15.4723043567382
AT3G62290.1	0.508	0.317639089669922	1	-6.87552919777481	-4.16284819415677	-2.37532650023472	13.8964473735609	15.0475264124045	15.9713095309247
AT4G04640.1	0	1	1	-0.111829950883366	0.064516577711281	0.252103596530665	16.3565192028655	16.400863164249	16.4459833136812
AT4G05180.1	0.062	1	1	1.40105169156784	4.0253117026836	7.49567448227344	12.0394686742076	13.8224211581679	15.089103203484
AT4G09800.1	0	1	1	-0.192836695710976	0.177768707007165	0.419128040851687	16.3648527220395	16.4786491070789	16.6845090708665
AT4G09980.1	0.387	0.999999999999719	1	3.34376286533346	5.90865901364435	9.82123021706045	12.775645895872	14.7525397081	16.0268446287056
AT4G10340.1	0	1	1	-0.635375680770798	-0.477228759997802	-0.30417726134455	17.8970003340717	17.9145827453776	17.9398989382366
AT4G10760.1	0.351	1	1	4.7061834117368	7.05351248464025	11.073683631123	13.5616503992904	15.5807722908651	16.7605140873972
AT4G12470.1	0.086	1	1	1.6270123964126	4.13458233731004	7.94076466245781	12.1193088262528	14.0576750399615	15.3039974674258
AT4G13930.1	0	1	1	-0.853881458634458	-0.282767058743501	0.0416791117165422	16.0087401389216	16.3066621685658	16.4481124869172
AT4G13940.1	0	1	1	-1.87403339335725	-0.799009289593359	-0.265569849327514	17.5008239184874	17.7290795012634	18.2593891731795
AT4G14960.2	0	1	1	-0.3220420020538	-0.163895081280803	0.0091564173724493	19.2025987495533	19.2201811608592	19.2454973537181
AT4G19410.2	0	1	1	-0.698988684418007	-0.30559230407348	-0.0960972645694491	16.1498666031182	16.2379260527912	16.4290140672758
AT4G20360.1	0	1	1	-2.47072483951335	-1.62305633607341	-0.330533456701693	17.2474657925589	17.8956519894389	18.3169424951226
AT4G21280.2	0.206	1	1	-3.77506502927911	-2.99657328310142	-2.29041590476216	17.1001580609278	17.4415447789709	17.8064191392812
AT4G21650.1	0.341	1	1	-5.82369034966826	-3.6767190784217	-2.27138905843144	13.6934659980368	14.794437906979	15.5228870771935
AT4G21710.1	0.086	1	1	1.35889221770595	3.81036705349957	7.73343891853257	11.9904794503109	13.9312644848811	15.1507284210458
AT4G22485.1	0.001	1	1	1.19126000168488	1.64216977049927	1.90910825313263	17.5148207278589	17.6060745700931	17.8546944745013
AT4G23400.1	0.089	1	1	1.72348193885467	4.14560577020872	8.25008734284782	12.0145809227821	14.0123012029436	15.2359870632579
AT4G23680.1	0	1	1	0.482193973378621	0.775255350730695	0.968313206919461	16.7528459904603	16.8322812433753	17.0297268243799
AT4G24780.1	0	1	1	-0.652010496478469	-0.299344645358369	-0.0902101790612154	16.1510068277147	16.2388817195547	16.4413103737956
AT4G25900.1	0	1	1	-1.26367776007291	-0.335840076503269	0.000438884059022754	15.9796985485641	16.2994859846324	16.7590810966079
AT4G26530.1	0	1	1	-0.0585105517285852	0.313819938568127	0.561074333031372	16.4435116299681	16.555222560868	16.7583389202628
AT4G27320.1	0.063	1	1	1.15854988741146	3.53423786089416	7.23815518127205	11.8300203009287	13.7085414622023	14.9241964764451
AT4G30270.1	0.08	1	1	1.78224122175502	4.19093304249106	7.88511335106474	12.1380862288921	14.088391040569	15.3089256061414
AT4G31580.1	0.041	1	1	2.69545116755181	5.23269332809069	9.08474833392604	12.610836491313	14.5224570420529	15.7697697562511
AT4G31880.1	0.106	1	1	1.83233820432581	4.26158368415163	8.37124182052227	12.1815662934652	14.17474444227	15.3909078273903
AT4G33010.1	0.024	1	1	-3.70150757764329	-2.53453788192109	-0.969951780261868	16.5816174663505	17.3258212394066	17.829294659532
AT4G34200.1	0	1	1	-2.34835139638983	-1.01972859177869	-0.401603727053909	16.5559324129959	16.8904829240332	17.5679648282814
AT4G34230.1	0.119	1	1	1.67831043884315	4.11748739230113	8.23994133214726	11.8412918972609	14.0336177262299	15.2589280305174
AT4G34670.1	0	1	1	0.0216695642465047	0.32311242701002	0.519082942238257	16.5380433005755	16.6205771483154	16.8114286509005
AT4G34980.1	0	1	1	-1.18985653013678	-0.728425423824116	-0.288915501893948	16.0692674182917	16.2528536329319	16.5175924833478
AT4G35090.1	0	1	1	-1.8380370611298	-1.52252042002282	-0.909099189298548	18.2303592410597	18.5296479259822	18.665355152667
AT4G35100.1	0	1	1	-1.37935083334747	-0.366071501042564	-0.0177560064462248	16.6076481907265	16.7632227400259	17.280258042962
AT4G37800.1	0.177	1	1	2.38369916609553	4.78279338625568	8.69754857422231	12.6359377384002	14.3896354220159	15.6811003504619
AT4G37930.1	0.035	1	1	-3.92623601579676	-2.91403490382428	-1.16198459504321	16.5594336384631	17.3837589349098	17.8556563150001
AT4G37980.1	0.233	1	1	2.41047572112627	4.70657888873925	8.65835847479868	12.4021667850709	14.3908891499044	15.5443881405991
AT4G38510.5	0	1	1	-1.01366895629469	-0.444469608296773	-0.0158429549362066	15.9496165695503	16.2229429260575	16.4736735433901
AT4G38780.1	0.11	1	1	1.83736036801901	4.32035927239914	8.08301842703719	12.1965487032332	14.0672243577262	15.3050379436704
AT4G38970.1	0	1	1	-0.688421863542399	-0.5290170486184	-0.34577580586762	16.7441280337583	16.7731740950416	16.8073562833798
AT4G39260.1	0.378	0.999999999999997	1	3.36767828411435	5.85133248916451	9.48499274875452	13.030289540976	14.8411097124763	16.1402581536165
AT5G01160.1	0.882	1.73284255108684e-145	5.33715505734746e-143	9.66610519858579	12.0311004325733	15.5159024862892	16.2075958076508	17.9681071885165	19.1327412822285
AT5G01530.1	0	1	1	0.47418011025356	0.632327031026558	0.805378529679811	17.2265642027578	17.2441466140637	17.2694628069227
AT5G02500.1	0	1	1	-1.10986959641032	-0.951722675637325	-0.778671176984073	18.5722452833947	18.5898276947006	18.6151438875595
AT5G02530.1	0.099	1	1	1.2239410051225	3.80153080606128	7.24687948849926	12.1011084806698	13.8401588712678	15.1352201165815
AT5G02560.2	0	1	1	-3.05705754932671	-2.24557776808464	-1.6405846680348	16.7484189972802	17.1009768475149	17.486458836212
AT5G06320.1	0.086	1	1	1.54143541457849	4.05105107426788	7.91839639624486	12.0988839552216	13.9496426806355	15.1626314434216
AT5G06600.1	0.123	1	1	1.82738286494403	4.33622695791445	8.23660646058914	12.1736205993926	14.0347639725758	15.2650811406039
AT5G07030.1	0	1	1	-0.885593643653461	-0.351340662826607	-0.0608390007561994	16.3646200871703	16.4667422785238	16.7957647665919
AT5G08690.1	0.322	1	1	-3.05080388116851	-2.7455383801841	-2.27555735694758	17.1705976016473	17.2924742283062	17.5062936435688
AT5G09590.1	0	1	1	-1.09453877273858	-0.323853060270343	-0.0263929125473277	16.0144895023853	16.3405314345702	16.6215823033953
AT5G09660.4	0	1	1	-0.896043726715765	-0.737896805942767	-0.564845307289514	17.0224594052179	17.0400418165238	17.0653580093827
AT5G09810.1	0	1	1	-0.527300974179284	-0.181719621237779	0.14322254852444	20.2745540246719	20.4189917251869	20.578739050355
AT5G10360.1	0.134	1	1	1.74845322312782	4.3269559230568	8.34903815436761	12.1521422483018	14.1890192353317	15.4753165835107
AT5G10470.2	0.056	1	1	1.57375317003234	4.07961312284942	7.82811652976508	12.1929758499741	14.0661437205348	15.2592858368215
AT5G10980.1	0	1	1	1.00909866137449	1.17405001302839	1.35776449385465	19.2937102985621	19.3194012541627	19.3546491637353
AT5G11170.1	0	1	1	-2.50873759699825	-0.855098457689048	0.492089569121471	16.9811281399272	17.6586945788796	18.4869779551783
AT5G11420.1	0	1	1	-1.30478962007538	-1.14664269930238	-0.97359120064913	16.8853016316799	16.9028840429858	16.9282002358448
AT5G11670.1	0.086	1	1	-6.01293546323488	-3.78412850715799	-2.35002064625512	13.7814388390858	14.8581045597147	15.5961909071796
AT5G14740.1	0	1	1	1.33473663034192	1.506775792669	1.68285408880255	18.7285021407299	18.7554655842002	18.7916173098686
AT5G15200.1	0	1	1	-2.61892705727223	-1.93436415610826	-1.4517008043176	17.0686123559945	17.274220763484	17.614041970116
AT5G17920.1	0	1	1	0.0202497768677916	0.254192671220135	0.450197055659572	16.6551787386202	16.7088064318095	16.8365076082134
AT5G18380.1	0	1	1	-0.0742014503085786	0.285758011741528	0.592890687680131	16.843720232951	16.9711425031938	17.1467688405443
AT5G20290.1	0	1	1	0.080726194075777	0.326323395689901	0.539119354066374	16.6266374072283	16.6934579624336	16.8336135999235
AT5G20630.1	0	1	1	-0.196502102562609	-0.0383551817896091	0.134696316863642	18.7731372646573	18.7907196759632	18.8160358688221
AT5G20950.3	0	1	1	-0.257404866451757	-0.024014526542828	0.165361657815785	16.3515655703986	16.4241169253679	16.5747051780883
AT5G22060.1	0.076	1	1	1.93835631298182	4.30846709800211	8.00085126259422	12.2943502228041	14.1121895682962	15.3049885331906
AT5G22880.1	0	1	1	-1.56370869515206	-0.754209022604255	-0.0421342307107756	18.4608169493653	18.8197946427109	19.2240871044002
AT5G23050.1	0.045	1	1	-7.81457697532041	-5.70679394145	-4.08193989330667	14.7030943392905	15.7760321966112	16.5433349991152
AT5G23060.1	0	1	1	-0.422745366538341	-0.264598445765344	-0.0915469471120906	17.455607524537	17.4731899358429	17.4985061287019
AT5G23860.1	0.147	1	1	1.99696110151849	4.51751797244023	8.19811426571899	12.3951136287295	14.237913742212	15.4962968849934
AT5G25460.1	0	1	1	0.0594077860524084	0.217554706825407	0.390606205478659	17.8798306365202	17.8974130478261	17.9227292406851
AT5G25980.2	0	1	1	-1.81536053674158	-1.65711743053312	-1.48257193051988	18.1459598090158	18.1719425808556	18.2018524535416
AT5G26000.1	0	1	1	-0.689635045488264	-0.432880579841968	-0.240035100499549	16.1623503603069	16.2662935389739	16.4023024003643
AT5G26210.1	0	1	1	-0.39078055401487	0.194450536285982	0.61688142625767	16.5278904679671	16.7309202251769	17.0154554271945
AT5G26260.1	0.097	1	1	1.24031398929335	3.74224905704663	7.50172429732907	11.9781952298892	13.8375049021094	15.0865284612403
AT5G27670.1	0	1	1	-1.40147696980188	-1.22763930120508	-1.03087875785344	18.2678020781321	18.3041177076284	18.3420091923129
AT5G27850.1	0	1	1	-3.63732228276105	-2.4298663117832	-0.465162789008769	16.4793028529992	17.5172783635967	18.1263386709177
AT5G28540.1	0	1	1	-1.24209713635703	-0.492183111146559	-0.21946977027143	16.315202638404	16.4181346092007	16.7904335764268
AT5G35530.1	0	1	1	0.1027396940225	0.287832209645417	0.459901327889335	17.52077908943	17.5630666174313	17.6061215844658
AT5G35630.1	0.021	1	1	-2.38617370611966	-2.00566295338806	-1.03794490817704	17.716533429658	18.1964487725825	18.3744816150764
AT5G37720.1	0	1	1	-4.12151276875134	-3.75057507033429	-3.05126595832387	17.5360379736941	17.7143186671561	18.0602526341833
AT5G38420.1	0	1	1	-0.739449902303878	-0.581302981530879	-0.408251482877624	19.1004928494422	19.1180752607481	19.143391453607
AT5G39320.1	0	1	1	-7.60665823822653	-5.40480828421493	-3.90634851159981	14.532765026092	15.6924801949361	16.4463624757879
AT5G39740.1	0.141	1	1	2.55961266925837	5.05511590677953	8.86633914507111	12.7194770416253	14.6004721817613	15.848111688868
AT5G40490.1	0.031	1	1	1.11279088228073	3.76960125480048	7.77886458467494	11.9581461614289	13.9194337899504	15.1963397653913
AT5G42820.1	0.184	1	1	2.3931146820771	4.81580142339009	8.41493501951561	12.6363343845069	14.430947419431	15.6430684874682
AT5G44020.1	0	1	1	-0.232659842069162	-0.0616747955972016	0.122015103794998	17.4735084859504	17.5096232964984	17.5504805042088
AT5G44340.1	0.123	1	1	1.97451935422456	4.47007993836107	8.29678291784287	12.2245254753508	14.1665539528336	15.4315636405462
AT5G45775.2	0	1	1	0.708393749033288	0.948797535197668	1.13872155540634	16.9197761514869	16.9866982424254	17.1315016763295
AT5G46070.1	0	1	1	-2.09084039731417	-1.10940828510847	-0.141550562049114	16.3236795717644	16.8650161924328	17.334337917702
AT5G47210.1	0	1	1	-1.4100357509774	-0.700395799154114	-0.163843283786123	15.9179312891696	16.291753005173	16.5712226044041
AT5G47770.1	0.081	1	1	1.2524271228583	3.81284828291335	7.53638218076198	12.0172678652605	13.8933227228079	15.1751856000045
AT5G49360.1	0	1	1	-0.809703733904757	-0.508522747583456	-0.071900692740777	16.0543636908346	16.1521260777334	16.4406002508315
AT5G49460.1	0	1	1	-1.12094619444754	-0.456394510567639	-0.0553287062984698	16.0416217651691	16.3663684553777	16.604606386664
AT5G49910.1	0	1	1	-0.639391564240581	-0.300164587096317	0.0591670079270633	16.1904139158563	16.3114571927747	16.5533741185181
AT5G50850.1	0	1	1	-2.48721056913315	-0.828497803512427	-0.23923524570836	16.3932005849036	16.6558317783305	17.4460593953928
AT5G50920.1	0	1	1	-1.28035875344138	-0.674663210404352	-0.348122640787782	15.967211240519	16.0879803826294	16.3971124745267
AT5G51660.1	0.118	1	1	1.57718154604565	4.1109407572916	7.92655629798816	12.0815031515524	13.9752599566311	15.2500432325703
AT5G51820.1	0.149	1	1	-9.03132077669695	-6.97701588096171	-5.47096907244099	15.367076678899	16.4219143363905	17.1461566612447
AT5G53440.1	0.411	0.999999993077362	1	3.90714897569939	6.38400495705849	10.1559073454352	13.1696733431764	15.0582259970272	16.2808325060372
AT5G55190.1	0	1	1	0.188517182578083	0.406719196543992	0.660231522721445	16.1008978744631	16.189550279707	16.2688953684021
AT5G56010.1	0	1	1	0.0392291113508847	0.198583375098057	0.372808502234449	18.1467375753842	18.1779097479885	18.2209801902541
AT5G59880.1	0.092	1	1	1.32501564423189	3.73913334990718	7.43367480658498	12.0050927804989	13.8884766120634	15.0909986462877
AT5G59970.1	0	1	1	0.140798561902761	0.29894548267576	0.471996981329011	20.104305066799	20.1218874781049	20.1472036709639
AT5G60390.1	0	1	1	-0.588697393841556	-0.430550473068552	-0.257498974415299	20.0984644757081	20.116046887014	20.1413630798729
AT5G60670.1	0	1	1	-3.2213265291099	-1.18260604575435	-0.211938101616413	16.553255364469	17.0587627338095	18.040327566074
AT5G61780.1	0	1	1	-1.25748470590439	-0.823767434998702	-0.527829317374446	16.032965009822	16.1641894179649	16.3760152545652
AT5G62300.1	0	1	1	-0.555757134428243	-0.258384785007546	0.185384924360538	17.7196364909993	17.9190952190092	18.036847084521
AT5G62700.1	0	1	1	-1.30442130890426	-1.14627438813127	-0.973222889478013	17.9355115611904	17.9530939724963	17.9784101653553
AT5G63800.1	0	1	1	-0.630427357151761	-0.131450563676049	0.165853140427824	16.1844408873256	16.4352755332167	16.619834277038
AT5G64040.2	0	1	1	0.352782042989178	0.716252502189343	0.934262027064824	16.7148680303913	16.8193839283679	17.0214480129144
AT5G64200.1	0.102	1	1	1.43598924313416	3.82818150769843	7.6356958430927	12.1075653368614	13.9205839277876	15.088692557057
AT5G64220.1	0.07	1	1	1.2666824386206	3.80014073386135	7.84443913342623	11.8758868832121	13.9403126371597	15.2051397618306
AT5G64270.1	0	1	1	-3.41886130079085	-1.82791205836786	-0.0796774064151837	16.3306096187737	17.2439116424547	18.0244809389574
AT5G66190.1	0	1	1	-0.514776841279524	-0.230141005337389	0.0296903005208384	16.2845663940315	16.3852448292838	16.5605247441625
AT5G66570.1	0	1	1	0.383046081750585	0.541193002523586	0.714244501176839	18.9245407160965	18.9421231274024	18.9674393202614
AT5G67360.1	0	1	1	0.896926447760805	1.0550733685338	1.22812486718705	17.5497806315387	17.5673630428446	17.5926792357036
AT5G67530.1	0.073	1	1	1.42757565673135	3.87342585264963	7.54814035277464	12.024374591498	13.8633236813542	15.0963832121763
ATCG00020.1	0	1	1	-0.42731504683543	-0.269168126062434	-0.0961166274091796	19.4011357295207	19.4187181408266	19.4440343336856
ATCG00120.1	0	1	1	-1.28777515911885	-0.663735130300712	-0.353852006158437	16.9556733307161	17.2430591412986	17.3875408974098
ATCG00270.1	0	1	1	0.21281147592689	0.37023872234703	0.552862156382731	19.3677552904116	19.3976319894843	19.4325249604732
ATCG00280.1	0	1	1	0.179063280263045	0.337210201036043	0.510261699689293	19.8399411849756	19.8575235962815	19.8828397891404
ATCG00340.1	0	1	1	-0.58056915290031	-0.408532135371398	-0.217782397187167	16.0569444049728	16.0859310031721	16.1271686721888
ATCG00480.1	0.008	1	1	-3.31276848675144	-2.82001363186353	-2.38220877723876	17.3058002048682	17.5405133277902	17.7406060998687
ATCG00490.1	0	1	1	-1.43510363323162	-1.27695671245863	-1.10390521380537	20.3266109420273	20.3441933533333	20.3695095461922
ATCG00540.1	0	1	1	-0.949180106990099	-0.661258698920437	-0.441182313201778	16.0447993398508	16.12331556177	16.3110456274202
ATCG00680.1	0	1	1	1.19419248731752	1.36580325790384	1.56438943010063	18.0564088938217	18.0947320640503	18.1405107608858
ATCG01060.1	0.145	1	1	1.95892817940757	4.34653184314418	8.36301755707052	12.1386298646863	14.1438770915577	15.350708261764
ATMG01190.1	0	1	1	-2.73547957821255	-2.30696269576071	-1.96591671247634	17.8332050430747	18.0165029940617	18.1626982862844
