protein	pval	fdr	lower_ci_logFC	median_logFC	upper_ci_logFC	lower_ci_av_exprs	median_av_exprs	upper_ci_av_exprs
AT1G01080.2	0.42375141672727	0.827116167357696	-0.32469929293523	0.869082636854564	2.28744714514432	12.9175030644994	13.7368049745455	14.0899284349312
AT1G01320.1	0.531373152177122	0.834347056669751	0.521526521906838	0.521526521906837	0.521526521906837	15.953178142331	15.953178142331	15.953178142331
AT1G02500.1	0.412298033413867	0.826038140178114	0.789477310612246	0.789477310612246	0.789477310612246	17.2650076322913	17.2650076322913	17.2650076322913
AT1G02780.1	0.300924001551826	0.821402232129927	1.00114209807383	1.09364802496204	2.203892360696	15.7485196455178	16.3036418133848	16.3498947768289
AT1G03130.1	0.307811991072638	0.821402232129927	1.80049051193929	2.18694602042115	2.35321780751562	13.7769125193664	14.1945720949553	14.4313080954069
AT1G03220.1	0.305506451890087	0.821402232129927	-1.562840472729	-0.918381642796331	-0.709105269398963	14.1560248643815	14.2594513978263	14.6646999599804
AT1G03230.1	0.83836366636533	0.903587405114814	-0.191816365571419	-0.191816365571419	-0.191816365571419	16.7283021348389	16.7283021348389	16.7283021348389
AT1G04080.3	0.186553050753397	0.821402232129927	-2.56393064429134	-0.7009367266379	2.20353393840901	12.8151995424492	12.9876092339483	13.5731052514503
AT1G04170.1	0.453330085636634	0.834347056669751	0.293563219343025	0.436549986666866	1.47413934930341	13.9028365812841	14.0727693957086	14.409754036782
AT1G04410.1	0.680781839753582	0.852741961512368	0.351785351836822	0.351785351836822	0.351785351836822	16.1450704209032	16.1450704209032	16.1450704209032
AT1G04510.1	0.186531103398257	0.821402232129927	1.1850104136184	1.65816396082398	1.9558980681717	15.3087688597331	15.457635913407	15.6942126870098
AT1G05190.1	0.209197360517225	0.821402232129927	0.478270545621094	2.85913438354686	4.86331299481644	13.2926886333868	14.3159146954508	15.339551155778
AT1G06220.1	0.377572287635711	0.821402232129927	0.436990673424783	1.31997079719666	2.75776925084889	14.2098570121809	14.928756239007	15.3702463008929
AT1G06680.1	0.375969792888133	0.821402232129927	0.911574128301994	1.7784206416621	2.1902026058503	12.5976479334274	12.9906670997528	13.590755156821
AT1G07320.1	0.608828886126263	0.835789643116255	0.217112488727183	0.48903276897748	1.93626212344774	12.7527308134148	13.2951096791846	14.3948895918664
AT1G07360.1	0.0109100434577744	0.659917456808305	3.0062151867894	4.22389821196174	5.76490718671776	13.1172888608359	13.8877933482139	14.4966348608001
AT1G07790.1	0.683744423262036	0.852741961512368	-1.10638792977314	-0.915481402985598	0.122294252467708	13.6967331920495	13.7016315962831	13.9530821946706
AT1G07890.1	0.790055017361626	0.882074072722327	-0.432868131083438	0.15220640887435	0.405059142161012	13.4319291073029	13.5127445782092	13.6737828956191
AT1G09100.1	0.366936609727278	0.821402232129927	-1.3242675528814	-1.24961163426276	1.14083959687086	13.595351928797	14.0350485061221	14.0806982812613
AT1G09270.1	0.401636077239585	0.826038140178114	0.298571077537178	1.26973830902383	1.27653548895843	13.6828712828156	14.1173601609086	14.4246011361983
AT1G09340.2	0.96655012749501	0.975134054026938	-0.046322380358256	-0.046322380358256	-0.046322380358256	17.0441695604872	17.0441695604872	17.0441695604872
AT1G09760.1	0.414824792119945	0.826038140178114	0.467271950666377	1.15991303345191	1.55011615390724	12.7331882981455	13.2129265517902	13.8393051547425
AT1G09770.1	0.122072322890696	0.821402232129927	2.2845362631464	2.3850381081021	2.89249115186469	13.1378293415355	13.7298925540613	13.9450593831745
AT1G10390.1	0.756542536015355	0.871635213908158	-0.438427483063262	0.217873873519693	0.380025935821324	12.9898548037396	13.7838235849572	13.810245327887
AT1G10960.1	0.336046578668385	0.821402232129927	0.433814978224128	1.30201303389231	1.86482607946178	12.8114522149891	13.2191474756326	14.1732556926901
AT1G11650.2	0.0947626287235984	0.821402232129927	1.50434563471457	2.21471656096408	3.13689017795069	12.760745459624	12.9719350203999	13.9003633440616
AT1G11860.3	0.539940916922829	0.834347056669751	-1.07033700472759	-0.681120507200852	-0.40691663251663	15.4335001792208	15.6281084279842	15.7652103653263
AT1G12900.5	0.774472979315681	0.880805277738252	-0.277280214322506	-0.277280214322506	-0.277280214322506	16.4870622189717	16.4870622189717	16.4870622189717
AT1G13930.1	0.324348820800624	0.821402232129927	1.37247272530177	1.99819669380687	2.04784863113596	12.0027866981935	12.8833414101115	13.1486392028637
AT1G14510.1	0.150719333081876	0.821402232129927	1.18478728122997	1.43451111476247	3.1087277916857	14.5250299860957	15.3621383245573	15.4870002413236
AT1G14650.1	0.458658403608952	0.834347056669751	-1.184723604701	0.389013635844929	0.613549311758431	13.1140586600091	13.4099550511288	13.7478877347705
AT1G15340.1	0.432283523183698	0.828333201658298	-0.966559088323808	-0.11850679585315	2.49275571663328	12.6057826740607	13.738348025851	13.7569171148222
AT1G15750.1	0.461982036951524	0.834347056669751	0.640738521271845	0.767390395268822	0.86808661895893	15.4791057380897	15.5294538499348	15.5927797869333
AT1G15820.1	0.497239205290478	0.834347056669751	-0.611362176237107	1.46971768013969	2.02414377762578	14.1836591115991	14.3652229258818	14.5807715925235
AT1G15930.1	0.359573604707635	0.821402232129927	1.27969470728661	1.39160517257772	1.5402328657507	14.0020900393717	14.216134012399	14.3167673204754
AT1G16610.3	0.239315746825192	0.821402232129927	2.30200038215452	2.456688882902	3.20258714398203	15.1494565688571	15.5224056993971	15.5997499497708
AT1G16720.2	0.315253591271515	0.821402232129927	-0.097782239197522	0.660040288706962	1.67543243476186	12.8326070291328	13.4252444944601	14.0652369736978
AT1G17860.1	0.826496597336199	0.894190604356117	-0.178686123037881	-0.178686123037881	-0.178686123037881	15.5165997119068	15.5165997119068	15.5165997119068
AT1G17880.1	0.253781266480225	0.821402232129927	-2.66463886354745	-0.635497403207877	-0.431575691694803	12.605036422013	13.5291074608937	13.5383998669058
AT1G18080.1	0.889470582762804	0.923618447914575	0.112057388592031	0.112057388592031	0.112057388592031	15.9423570970051	15.9423570970051	15.9423570970051
AT1G18450.1	0.775084837330307	0.880805277738252	-0.230973426324806	-0.230973426324806	-0.230973426324806	16.3100892581118	16.3100892581118	16.3100892581118
AT1G20010.1	0.259735323447896	0.821402232129927	0.957725100431255	0.957725100431255	0.957725100431255	16.0414108594993	16.0414108594993	16.0414108594993
AT1G20020.1	0.627101844688663	0.835789643116255	-1.06592923902359	-0.0227833791505961	0.901627026231424	13.5913563095346	14.1645597223917	14.2464549779663
AT1G20580.1	0.225931779501177	0.821402232129927	2.25984839119129	2.30854978840747	2.63526303942677	12.980923780349	13.8403787205753	14.5364593840944
AT1G20620.6	0.65476964517134	0.8433678099167	-0.586230752864343	-0.586230752864343	-0.586230752864343	19.5335860645632	19.5335860645632	19.5335860645632
AT1G20630.1	0.55108943068876	0.834347056669751	-1.21570009960288	-0.889123063545336	-0.589578585082479	14.6599815804429	14.8232700984717	14.9730423377031
AT1G20696.2	0.554390166904767	0.834347056669751	-1.57968271541231	-0.138958038253645	0.70914827881097	13.3576030180086	13.4779975459172	14.1400950420891
AT1G20960.1	0.0563410856950555	0.821402232129927	2.85131210099577	3.17523482278694	3.9354203632285	14.8404554694915	15.2205482397123	15.3825096006079
AT1G23130.1	0.154288489888466	0.821402232129927	1.18955719486178	1.51048713983363	3.2440115044515	13.4032280686781	14.2518358738796	14.439017656287
AT1G23310.1	0.55672101140464	0.834347056669751	-0.581596168593923	-0.581596168593923	-0.581596168593923	17.5689858451243	17.5689858451243	17.5689858451243
AT1G23410.1	0.524174100828883	0.834347056669751	0.553150874423247	0.553150874423247	0.553150874423247	18.331956401939	18.331956401939	18.331956401939
AT1G23740.1	0.0823813141389888	0.821402232129927	-0.161090861902996	2.11868516519269	2.76576574999939	11.9577858046371	12.3297844987009	13.2297926227858
AT1G24360.1	0.24069090792021	0.821402232129927	-2.42380424938529	-1.66849885753601	-0.998044797269923	14.2739433146421	14.3340246072302	14.7251903428287
AT1G26110.1	0.478779739487684	0.834347056669751	-0.832760896497247	0.74257825076706	0.75764267733598	13.7825993769211	13.9545106307854	14.1466759673709
AT1G26630.1	0.236455209013799	0.821402232129927	1.03858038086892	1.03858038086892	1.03858038086892	17.369379301509	17.369379301509	17.369379301509
AT1G29250.1	0.35853262163405	0.821402232129927	-1.79557191064232	-1.53509777040566	0.586601720184062	11.9723873657607	13.0235937693507	13.6916190248433
AT1G29930.1	0.0821646724863738	0.821402232129927	3.61835846105443	3.95590797642332	4.28643810847854	15.5941234544067	15.7593885204344	15.9281632781188
AT1G30230.2	0.860083311713257	0.91313517953856	-0.0245217237721453	0.100982871709479	0.494806023846018	14.0263022801212	14.5181265573899	14.7554805549082
AT1G31330.1	0.400819343005472	0.826038140178114	-1.92675439274978	-1.64699456872572	-1.06160954069889	15.0862341112438	15.2261140232558	15.5188065372692
AT1G32060.1	0.76233217124516	0.873241112534992	-0.468373178529171	0.372895462301441	0.458378752959623	14.4579712806212	14.4584312170367	14.6618387517701
AT1G32360.1	0.000674511525669587	0.127707515526775	3.95431738372378	5.67610352554621	5.78710916618696	14.6795098066828	14.7350126270032	15.5959056979144
AT1G32990.1	0.536804667992478	0.834347056669751	-1.20276160554949	-0.367607345959536	0.780318956636961	13.3871919833031	13.8001395690863	14.1469457491323
AT1G33140.1	0.795716729286638	0.882214489450269	0.259547639486486	0.259547639486486	0.259547639486486	16.8361785430192	16.8361785430192	16.8361785430192
AT1G33590.2	0.520987102064441	0.834347056669751	-0.586528476312356	-0.586528476312356	-0.586528476312356	16.4167993401589	16.4167993401589	16.4167993401589
AT1G33600.1	0.338807640559919	0.821402232129927	-1.40951946082716	-1.32433299722322	-0.0317284111749742	13.9705509806259	14.3362786525506	14.415424971378
AT1G35680.1	0.78162933435015	0.880805277738252	-0.985430766665013	-0.185531894630294	0.161775404949584	13.2326902801162	13.6370039279961	13.804513558577
AT1G41830.1	0.25236872736288	0.821402232129927	-2.2972980536977	-1.09575706514842	-0.898335982292251	15.1456786530276	15.7464491473023	15.8451596887304
AT1G42970.1	0.7979619484619	0.882214489450269	-0.270896461232702	-0.270896461232702	-0.270896461232702	17.0375159944184	17.0375159944184	17.0375159944184
AT1G43170.1	0.522578198164101	0.834347056669751	0.552543838460227	0.552543838460227	0.552543838460227	16.6794396338361	16.6794396338361	16.6794396338361
AT1G43190.1	0.0533299727033801	0.821402232129927	2.75756341768019	2.78769108138627	2.98557524315413	14.1786424721973	14.2775845530813	14.2926483849343
AT1G44575.1	0.776932901908719	0.880805277738252	-0.311392987973366	0.490205427888673	0.765751265851531	14.1134499693786	14.8545581265704	15.0948202493713
AT1G47128.1	0.251861155562254	0.821402232129927	1.80274908798866	2.38671114029116	2.58315100142499	13.813664821426	13.9559983974705	14.774622105562
AT1G48030.1	0.242720113222062	0.821402232129927	-2.41360865606717	-1.26805631751803	0.481110376287658	12.8306976542079	13.6124563425193	13.6768957929774
AT1G48600.2	0.0162308148300451	0.659917456808305	2.06830765244847	3.0332099891125	5.1190758074257	12.422529425008	13.4654623341646	13.9479135024967
AT1G48610.1	0.495376110628393	0.834347056669751	0.367345491235481	1.95906120557297	2.12785652114784	15.8426564604525	15.9270541182399	16.7229119754087
AT1G48620.1	0.270676071648109	0.821402232129927	-3.05379554368587	0.358263427473521	1.33786977075159	13.4959533014683	13.5474302657179	13.830318851682
AT1G48830.1	0.177574421808053	0.821402232129927	1.72935619990586	2.44005958407404	2.98176038471453	14.0669859665825	14.3378363669027	14.6931880589868
AT1G48920.1	0.513654222956311	0.834347056669751	0.472173618798567	1.13038285899656	1.52316503344186	14.450703345729	14.7049598724668	15.5088908692883
AT1G49760.1	0.190481638081215	0.821402232129927	1.01945907129909	1.14996585635098	1.8787986478019	13.8778008083157	14.3697615675915	14.4928098808281
AT1G50200.2	0.328866174571584	0.821402232129927	0.745869499555805	1.10576143775502	1.15942454041424	13.2861738087107	13.7721335864728	13.8190601453449
AT1G51710.1	0.0555111632638297	0.821402232129927	0.331979519029946	2.87816315077301	3.64814353756709	12.4697265069625	12.9034854650398	13.0927276796385
AT1G52100.1	0.601036364793123	0.835789643116255	-0.746926253536759	0.35405948377501	1.12959103994911	13.5367834566886	13.5390811403849	13.9667580782586
AT1G52400.1	0.439637096850161	0.834347056669751	-0.844264150195485	1.02327715772863	1.343408892408	13.843181323641	14.6529975208939	14.8060165553887
AT1G52740.1	0.332371287679004	0.821402232129927	0.860904205356162	1.21772860350383	2.16605719890125	14.0858010703388	14.5524012764011	14.6620221009967
AT1G53240.1	0.267803507083156	0.821402232129927	-0.626958157229904	1.52674605532593	2.20182034675751	13.0685087579446	13.1018154635074	13.1100510132213
AT1G54010.1	0.951342392376724	0.966659175080464	-0.0652883896548812	-0.0652883896548812	-0.0652883896548812	16.9870378483207	16.9870378483207	16.9870378483207
AT1G54270.1	0.055225687407088	0.821402232129927	1.93147389914108	1.93147389914108	1.93147389914108	19.360427905291	19.360427905291	19.360427905291
AT1G54410.1	0.270604289606175	0.821402232129927	-0.561119891441155	0.948414229407564	3.33456046773276	12.6418861837993	13.7304911803796	14.0652440636463
AT1G54690.1	0.869464987755875	0.914919586546625	0.166980545050753	0.166980545050753	0.166980545050753	20.5606210362275	20.5606210362275	20.5606210362275
AT1G54780.1	0.0043137754678681	0.490044893149816	1.47003479780023	1.66139727866966	4.2744685932987	12.6439565549647	13.4190136463398	13.8526711254065
AT1G55490.1	0.706634957094863	0.85319954069529	-0.262131662217229	-0.241961354719279	0.768404202433241	12.5307211751603	14.4094123714055	14.4355479745707
AT1G56070.1	0.440714841643441	0.834347056669751	0.686459030480185	0.686459030480185	0.686459030480185	18.5830654686424	18.5830654686424	18.5830654686424
AT1G56110.1	0.497290975676921	0.834347056669751	0.687946514807573	0.976973122649042	1.7509266485732	14.0695622089543	14.8649329623109	15.543214036963
AT1G57720.1	0.304238398274462	0.821402232129927	-1.71272440844831	-1.18585168427606	-1.13945661376441	14.1306338076412	14.1317100518118	14.2045481654418
AT1G57860.1	0.450396071760505	0.834347056669751	0.0699563923583481	0.200314871673757	3.50428876254494	13.4188046902783	14.6842859619809	14.9162818499837
AT1G59359.1	0.123027604297221	0.821402232129927	0.931421634277868	2.98201475322634	3.18946337350361	13.8875287488181	13.928534954628	13.9422287864879
AT1G59610.1	0.413256584528133	0.826038140178114	-1.60277001414035	-0.973292502340635	-0.696734966289747	14.6052426547498	14.856677812009	15.1330327789789
AT1G61520.1	0.311207247939559	0.821402232129927	1.63868238806898	2.02617961401979	2.12246996739236	13.9796329558734	14.6385917486069	15.0469876268612
AT1G62740.1	0.00755553979507771	0.659917456808305	3.13902487934809	3.59560834563651	5.81201720650894	12.4513528388752	13.5595572693114	13.7878490024556
AT1G65590.1	0.691463468111144	0.852741961512368	-0.751863489319872	0.0496185723503313	0.0874538581777918	13.6483557835372	14.1945165959825	14.2822294307304
AT1G65870.1	0.502499603934545	0.834347056669751	1.16650345846865	1.2279679038287	1.38847521562164	15.0683272682901	15.4157849506543	15.5827618287066
AT1G65930.1	0.685099420361982	0.852741961512368	0.0854144975048085	0.597308662027475	0.847427037515843	13.8996349537385	13.9053561857505	14.4180077778487
AT1G65980.1	0.670327678548277	0.852741961512368	-0.829274788342355	-0.775944979704613	-0.293123245709374	14.0466762541893	14.4438044977304	14.460142309952
AT1G67090.1	0.269756765952448	0.821402232129927	1.62304658303676	1.97559190272458	2.9627779328247	15.9291299613227	16.4227229763727	16.5989956362166
AT1G67230.1	0.410850727222388	0.826038140178114	-1.85053568904894	-0.457678464679206	0.815665122977384	14.4444448004377	14.4966229418925	14.5232518919929
AT1G67430.1	0.421211936921583	0.826038140178114	0.820345572801483	1.69749388202932	2.59195066482449	14.7180440739499	15.1652724653475	15.6038466199614
AT1G68010.2	0.873039464627237	0.914919586546625	-0.143614667355267	-0.143614667355267	-0.143614667355267	16.6990152808849	16.6990152808849	16.6990152808849
AT1G68560.1	0.267896449783071	0.821402232129927	-2.97086129364686	-2.53442402089075	-1.47084550646956	15.2011456556507	15.4193642920287	15.9511535492393
AT1G68830.1	0.54112079248306	0.834347056669751	-0.593630399249475	-0.0536458744013807	1.52771059368219	13.1888069409298	13.6946243901533	13.83964671127
AT1G69620.1	0.231517230844791	0.821402232129927	1.45272445428464	2.19091080176354	2.7523901928887	15.5059076408757	15.7866473364383	16.1557405101777
AT1G70410.2	0.376785329848893	0.821402232129927	0.608080364551749	0.666228709103445	1.85311642491941	13.5224002740468	13.9656563651471	14.5168973568174
AT1G71695.1	0.579374051402094	0.835789643116255	-1.83035176731305	-0.628393791369395	-0.482957801419059	15.7702859277078	16.3712649156796	16.4439829106548
AT1G72150.1	0.801630295910981	0.883543574614646	-0.34665916187133	-0.261145028267546	0.383087895073358	13.7153631591664	14.8570773153746	15.049731490372
AT1G72370.1	0.80265578257246	0.883543574614646	-0.269514662842633	-0.269514662842633	-0.269514662842633	17.1039508045283	17.1039508045283	17.1039508045283
AT1G72610.1	0.678101405240672	0.852741961512368	-1.19032523955572	0.610476676820637	1.88918058678902	14.2875920996706	14.5832151808478	14.7262796754237
AT1G73720.1	0.196304378256237	0.821402232129927	1.45557756635305	1.4831894445531	1.75892911372213	13.0872405137345	13.1616262039836	14.1141131134128
AT1G74060.1	0.623780802898313	0.835789643116255	-0.206336301105278	0.507653290076402	1.09130734251621	14.0994425970669	15.0216261031907	15.2419888993452
AT1G74970.1	0.694587282105672	0.852741961512368	-0.572968601722053	-0.430442159579623	0.633508694629595	13.4622269814977	13.5236027236205	13.6471952968071
AT1G75750.1	0.159516061617957	0.821402232129927	1.92505394885582	2.0778793202265	2.66442155124486	15.8211961271135	16.1144672426226	16.190879928308
AT1G76030.1	0.534819271386819	0.834347056669751	-0.527567969648309	-0.527567969648309	-0.527567969648309	16.0175459330414	16.0175459330414	16.0175459330414
AT1G76160.1	0.572732573426472	0.835789643116255	-0.83487532700924	-0.800156131737407	0.675892701485912	13.4208816748052	13.8214845752892	14.2706419451293
AT1G76180.1	0.211144594622038	0.821402232129927	0.471658312870807	0.897678246818646	2.0311324294738	12.6141376787543	12.6903118495364	13.3873510150608
AT1G77180.1	0.139055906909445	0.821402232129927	1.01582470663254	1.8124828707124	2.99467285751311	14.2763950474654	14.8674900408658	15.2658191229057
AT1G78060.1	0.698832208924917	0.852741961512368	-0.00166419931331513	0.456628020256198	0.992655857870693	12.9978720362123	13.1659913342173	13.3942409960519
AT1G78820.1	0.581089928498851	0.835789643116255	-1.80599381788649	-0.265025488981417	-0.00765621973790136	13.2688290905628	14.0337474131776	14.0407752014566
AT1G78830.1	0.798341985171546	0.882214489450269	-0.288658679841191	-0.288658679841191	-0.288658679841191	17.3143653007381	17.3143653007381	17.3143653007381
AT1G78850.1	0.678838805799797	0.852741961512368	-0.371566163177758	-0.371566163177758	-0.371566163177758	19.2020351413572	19.2020351413572	19.2020351413572
AT1G78900.1	0.36008155533843	0.821402232129927	-1.00089375274129	-0.988903403706751	-0.849245274290054	14.8350326484493	14.8410278229666	14.9108568876749
AT1G79530.1	0.416957117967309	0.826038140178114	-1.28692425169866	-1.09527255307195	-1.02397041222261	16.2143476527504	16.3101735020637	16.3458245724884
AT1G79550.1	0.692571886179006	0.852741961512368	-0.169743227344576	0.104161817276262	0.803750727974459	12.5630858137504	12.9866210864793	13.3537000764612
AT1G79850.1	0.50192645581209	0.834347056669751	0.619148389645241	0.619148389645241	0.619148389645241	16.3153433505721	16.3153433505721	16.3153433505721
AT1G79920.1	0.0543449134802786	0.821402232129927	1.26376409599321	2.27020503667347	3.09887912590672	13.4089530549072	13.4606856136781	14.245810041649
AT1G79930.1	0.035581191992558	0.821402232129927	2.30948138453047	3.45773274057864	3.51560443559583	14.8424815713972	14.8714174189058	15.4455430969298
AT1G79990.1	0.37155007546535	0.821402232129927	-1.1537205573286	0.352355153237617	1.4238043891982	12.2465007969055	12.6570992624533	13.5871712331943
AT1G80070.1	0.203073999167823	0.821402232129927	0.849863049590383	1.65358713162565	2.20387489142377	14.2662887349942	14.5414326148932	14.9432946559109
AT1G80670.1	0.312400658430261	0.821402232129927	0.682834626815204	1.25284585634808	1.42236361351323	14.9544041374329	15.0391630160155	15.3241686307819
AT2G01250.1	0.577883126921852	0.835789643116255	0.134230571294235	1.17873241606528	1.1791115437475	15.4303480138323	15.4305375776734	15.9527885000589
AT2G02160.1	0.0159909474032582	0.659917456808305	2.91978834306235	3.12710372551354	3.18631489788147	13.7195898544102	13.7369863982528	13.8177299061466
AT2G03820.1	0.702154992358862	0.852741961512368	-0.448004298727662	0.290145608355079	0.567969741401913	13.1044675935757	13.2839952721354	13.2882281605815
AT2G04030.1	0.419101389192482	0.826038140178114	-1.38811749300764	-0.0978259395079542	2.13322111148375	12.1622694679058	13.4295804439517	14.2921077095862
AT2G05070.1	0.279707181148393	0.821402232129927	1.50040466822791	2.09940746179413	2.62060270585035	14.5635477291338	15.2615054718523	15.3378648648092
AT2G05380.3	0.056953202001644	0.821402232129927	-5.54366527407275	-4.88583435937184	-4.42304106305516	14.1346351384029	15.2210061108032	15.8052837870041
AT2G06850.1	0.634808976401027	0.835789643116255	-0.491661240574877	-0.491661240574877	-0.491661240574877	16.4557103016159	16.4557103016159	16.4557103016159
AT2G06990.1	0.327750982117851	0.821402232129927	-0.331138348788635	0.390394915108111	3.13925691740206	12.748722848521	13.1539601037789	13.8528327547436
AT2G10940.1	0.762548577143232	0.873241112534992	-0.272388022316801	-0.272388022316801	-0.272388022316801	19.9193137085491	19.9193137085491	19.9193137085491
AT2G13360.1	0.540869446263819	0.834347056669751	-0.528754373464578	-0.528754373464578	-0.528754373464578	17.3406870382722	17.3406870382722	17.3406870382722
AT2G13540.1	0.474450712450459	0.834347056669751	-1.42836118162088	-0.927053642715575	0.15292400730401	12.4657536197624	13.8519447448639	13.8841191733946
AT2G16600.1	0.960185605278417	0.972166530834475	0.0497842084924235	0.0497842084924235	0.0497842084924235	16.5128565871198	16.5128565871198	16.5128565871198
AT2G16950.1	0.639368374710667	0.835789643116255	0.356070598152673	0.429376414420722	1.03304766949603	15.5607027615125	15.8625383890501	15.8991912971842
AT2G17360.1	0.210700112759029	0.821402232129927	1.92249541795277	2.08229496658536	2.16898608909972	16.0627801818204	16.1061257430776	16.1860255173939
AT2G17870.1	0.141935365507776	0.821402232129927	1.66282900239463	2.12575808814839	2.43717767920667	13.4739299927511	13.7709369242382	13.801497631445
AT2G18020.1	0.0591592247823677	0.821402232129927	1.27690103133707	3.44447512240929	3.8928057822046	12.7428303682386	13.2744322450249	14.6025172257083
AT2G18740.1	0.447157109574303	0.834347056669751	0.601980604261237	0.676394061822673	1.33566621678122	13.7039982238568	13.7865013824662	14.165389951095
AT2G18960.1	0.783110326158129	0.880805277738252	-0.146201299533945	-0.109620861821726	0.914431942657701	14.7850997486155	15.2971261508552	15.3154163697113
AT2G19480.1	0.350761092018068	0.821402232129927	0.404712818414299	1.3272449462283	1.74134002880241	12.9700548271579	13.2649161837492	14.023791795164
AT2G19520.1	0.885298359312121	0.920969721775246	0.119138803082908	0.119138803082908	0.119138803082908	16.7408064352658	16.7408064352658	16.7408064352658
AT2G19590.1	0.500293937781243	0.834347056669751	-0.117188857507364	0.512025894605107	1.33383202149628	12.796674109662	13.2225756432308	14.3744376386597
AT2G19730.1	0.917019815874556	0.943600100392659	0.110252266762703	0.110252266762703	0.110252266762703	17.7227217934887	17.7227217934887	17.7227217934887
AT2G20260.1	0.0500073225066711	0.821402232129927	1.29185192392477	3.59761533786083	3.73722677152896	12.5242121426535	13.9901707767468	14.51495352887
AT2G21060.1	0.419075161884947	0.826038140178114	-0.724052231229163	-0.724052231229163	-0.724052231229163	16.1589595585239	16.1589595585239	16.1589595585239
AT2G21330.1	0.55537555365793	0.834347056669751	0.484255544710551	1.81068901068662	1.96857939815846	13.8268082800057	13.9609812180042	14.1039821776187
AT2G21390.1	0.120675939374777	0.821402232129927	1.68381615632777	2.11686684429068	2.78714954024704	14.2683352581682	14.6034766061464	14.8200019501279
AT2G21660.1	0.314799528286989	0.821402232129927	1.20225090621169	1.23726612591636	1.49174900612009	16.4755933570988	16.6028347972006	16.620342407053
AT2G22170.1	0.0150887432794821	0.659917456808305	1.76320738937041	3.26153258422534	3.38228623915733	12.6645194851658	12.9190041735636	13.1252931801834
AT2G22780.1	0.342899581085102	0.821402232129927	-1.99424053039995	0.231386455077641	0.943171206590439	12.7191331223337	12.9125482460635	13.6509935367742
AT2G23350.1	0.533619381220086	0.834347056669751	-0.151436152963588	-0.085152403307517	1.59179365561316	12.7762737060568	12.9744522467488	13.3574443578412
AT2G24060.1	0.522130487644407	0.834347056669751	-0.474365081339766	-0.0394185523437287	1.17770638688825	13.5823916687248	13.6918079535813	13.9199966483449
AT2G24270.2	0.721451640908947	0.855431932679723	-0.551893015519489	-0.00188776169055097	0.595207164386692	13.6897173801036	14.3117889538038	14.4000577445628
AT2G25970.1	0.0312426865218821	0.821402232129927	2.63445959337828	3.2005429448515	4.12898390797074	13.8451898911229	14.3094103726825	14.5924520484191
AT2G27100.1	0.0793023184636737	0.821402232129927	1.84171958184307	2.12233148744771	3.35210513137314	13.8405955422699	14.4554823642326	14.5957883170349
AT2G27530.1	0.267605337989379	0.821402232129927	0.506004162152419	1.40616724588215	3.37292830666367	13.0400964492789	14.5667115780832	14.6810807296477
AT2G27710.1	0.552145168576169	0.834347056669751	-1.68220320204362	0.041624718158944	0.954870875553772	12.2300409788467	12.8819517980908	12.9920846004973
AT2G28000.1	0.203599250133471	0.821402232129927	1.31597406001697	1.64645911191916	1.70067385329039	11.4711300830777	13.8492487641647	14.0172280035781
AT2G30000.1	0.796470887274674	0.882214489450269	-0.064568612860653	0.106125761719279	0.534499040334985	14.2067581979809	14.3275366117126	14.7720858337329
AT2G30620.1	0.909770556260286	0.937839702279205	-0.130286610228263	-0.130286610228263	-0.130286610228263	17.2609547349434	17.2609547349434	17.2609547349434
AT2G31610.1	0.7883784236469	0.882074072722327	0.274172970597587	0.274172970597587	0.274172970597587	16.4302624577962	16.4302624577962	16.4302624577962
AT2G32700.7	0.373581402028488	0.821402232129927	-0.0255703743839874	0.877289874519165	3.22582449477587	12.3264134895924	12.7179827342141	12.9926259681885
AT2G33150.1	0.84179666350676	0.90493040003465	-0.175573522977979	-0.175573522977979	-0.175573522977979	15.6135945855601	15.6135945855601	15.6135945855601
AT2G33340.1	0.702611334485543	0.852741961512368	0.316807841844629	0.316807841844629	0.316807841844629	16.3369624668407	16.3369624668407	16.3369624668407
AT2G33730.1	0.555861118319492	0.834347056669751	-1.76401620508158	0.0455302081157206	0.697569904799432	12.8372540515585	12.9692889653946	13.1886804254542
AT2G33800.1	0.635808427116532	0.835789643116255	-0.183215469945076	0.0127852186174952	1.52050263890611	14.6837327457904	15.0136921462418	15.2524291586265
AT2G34040.1	0.125189718818153	0.821402232129927	1.61615333127879	2.63369434696729	2.6934012476579	14.4247988218821	14.4546522722274	14.9634227800717
AT2G34480.2	0.398708291437736	0.826038140178114	-0.421776245659085	1.19127301226989	1.21698837985081	14.0806218535878	14.3725019212759	15.1584376384938
AT2G35370.1	0.0320851884859009	0.821402232129927	2.24390240226075	2.31824442962066	3.16022929328019	13.343341422567	13.531485720638	13.9701814728343
AT2G36530.1	0.853316205177049	0.909350102327512	0.170506853040508	0.170506853040508	0.170506853040508	15.4983493880459	15.4983493880459	15.4983493880459
AT2G36880.1	0.117697949135326	0.821402232129927	1.24022671376999	1.82860377603588	3.32138379859166	13.6124535275005	13.8984105793462	14.0226083408103
AT2G37220.1	0.588102694102866	0.835789643116255	0.0574723678589319	0.950211070040287	1.25527901048233	14.0180603948485	14.750213125427	14.8274844941238
AT2G37270.1	0.728924393339764	0.855431932679723	-0.764595742160477	-0.64758891875542	-0.33054619873775	14.3317212931339	14.4204658250616	14.6721636991632
AT2G37340.1	0.23330768503031	0.821402232129927	1.16245662473377	1.37777004793483	2.01972013156697	13.9274118920629	14.1681287001303	14.3765206952466
AT2G37470.1	0.597644481787711	0.835789643116255	-1.39983652639567	-0.0966328320069984	-0.0561676561461492	13.9053351235677	14.0977196635003	14.161932506491
AT2G38040.1	0.685071305647043	0.852741961512368	-0.169148868484055	-0.151379151625516	1.57855458336634	12.4245796484949	12.7588360392225	13.5639578557467
AT2G38230.1	0.456566699363972	0.834347056669751	-0.667834733075532	-0.448814901361228	2.26644258846937	13.3814903476035	14.0107650067694	14.484374546355
AT2G38540.1	0.139039508176253	0.821402232129927	1.59765420955052	1.91964376490947	2.32438714841408	13.697672623112	14.2214416805142	14.366829496093
AT2G38770.1	0.421420573215058	0.826038140178114	-0.912179381284352	-0.503236655614579	1.71235263676225	13.3868940860019	13.8229681596812	14.0807534016985
AT2G39310.1	0.252869263800251	0.821402232129927	-2.42521338282858	-1.59445688175134	-1.41662142695258	14.709584581363	15.1249628319016	15.213880559301
AT2G39730.1	0.930282082601007	0.952072473724995	0.100320150438644	0.100320150438644	0.100320150438644	18.9915830855588	18.9915830855588	18.9915830855588
AT2G39800.1	0.0605423743977806	0.821402232129927	2.27211095119728	2.38006786012561	3.0078198090038	16.1031392909356	16.4170152653747	16.4709937198388
AT2G41475.1	0.234895665210185	0.821402232129927	0.863028295404402	1.94533189670655	3.41436779321157	14.0361885677279	14.5624057432675	14.7507561111854
AT2G41840.1	0.427308470793727	0.828333201658298	0.707788286237736	0.707788286237736	0.707788286237736	17.5434480233541	17.5434480233541	17.5434480233541
AT2G42520.1	0.905242211091058	0.936571176502224	0.108026568266933	0.108026568266933	0.108026568266933	15.9519386109461	15.9519386109461	15.9519386109461
AT2G42600.1	0.0613198758630934	0.821402232129927	-0.325693179897967	0.231649985942194	3.26954379853226	12.6612255651976	13.2847547260475	13.626477585054
AT2G43030.1	0.59324913856851	0.835789643116255	0.167500251478865	0.293084231505058	1.23202070454059	14.5712533146795	15.0392171682339	15.1118633369963
AT2G43770.1	0.545564310592682	0.834347056669751	-1.33807768241587	0.381430673495493	1.0899246762853	14.3542837531203	14.888004813957	15.2484537525459
AT2G44120.2	0.346838223090835	0.821402232129927	-2.07500502693853	-0.962511325353156	-0.670023753424956	13.9809791007317	13.982787760033	14.7193575686167
AT2G45180.1	0.665115335093929	0.850868266516558	-1.39619475659407	-0.966340972515786	0.60920109418243	16.8308398743016	17.0294372279611	17.2185011270352
AT2G45640.1	0.639221225028718	0.835789643116255	0.403137383507591	0.403137383507591	0.403137383507591	16.5754420937106	16.5754420937106	16.5754420937106
AT2G46280.1	0.196805518438462	0.821402232129927	1.59221495779375	1.93266802624028	1.97589835170408	12.9409200751208	13.0596003817915	13.8952920272357
AT2G46520.1	0.337459918288269	0.821402232129927	0.869569871554446	0.870117911933168	1.45028987125204	13.5062534138474	13.538854961508	13.5880072748335
AT2G47610.1	0.725382757401542	0.855431932679723	-0.708280515860022	-0.385735760906766	0.157412168486254	15.1257947320949	15.2870671095715	15.558641074268
AT3G01500.2	0.591584961970328	0.835789643116255	0.477025917883329	0.477025917883329	0.477025917883329	18.0693141619753	18.0693141619753	18.0693141619753
AT3G01540.2	0.0301065746770463	0.821402232129927	1.89138240829844	2.14268609126596	3.87766045234258	14.4235544742261	15.2910416547644	15.4166934962482
AT3G02080.1	0.718207756675698	0.855431932679723	0.314611653498435	0.314611653498435	0.314611653498435	16.0941333850499	16.0941333850499	16.0941333850499
AT3G02230.1	0.620469569551473	0.835789643116255	-0.752759985215859	-0.554289556852123	1.78442052273825	13.2902800035125	13.8442388074674	13.9568511893993
AT3G03960.1	0.595232285183188	0.835789643116255	-1.53202874286327	-0.518574304679102	0.606163192634626	12.4729209004686	12.6647080917319	13.1505582692019
AT3G04120.1	0.755542488697109	0.871635213908158	0.297255050285741	0.297255050285741	0.297255050285741	17.2831597279654	17.2831597279654	17.2831597279654
AT3G04400.1	0.53573436378611	0.834347056669751	0.585962417421476	0.585962417421476	0.585962417421476	16.4394891623202	16.4394891623202	16.4394891623202
AT3G04610.1	0.142187532501138	0.821402232129927	0.218750193790387	1.06987597361198	2.98076001465425	13.4166994939033	14.3721415144245	14.7977044043353
AT3G04790.1	0.122278770252245	0.821402232129927	-0.978225545046083	0.0563716328384752	2.22572281419293	13.3757410706044	13.6034745352858	13.6505634038986
AT3G05060.1	0.478866402400601	0.834347056669751	0.0171551119754494	1.08883497928579	1.89047308030176	13.5216420687962	14.3364266844483	14.7258037100604
AT3G05560.1	0.924750584043637	0.94811973237687	0.104280935847957	0.104280935847957	0.104280935847957	16.05922513958	16.05922513958	16.05922513958
AT3G05680.1	0.0019783418007799	0.280924535710746	4.68862620492482	4.84174719868158	4.8451243252217	15.2224460875157	15.2241346507858	15.3006951476642
AT3G06400.3	0.412916513580331	0.826038140178114	0.298258710193172	1.29336553596904	1.60277213309994	13.1787494568077	13.4776854895602	14.3765604450777
AT3G06580.1	0.0892787114608536	0.821402232129927	0.55468048988678	2.39484445397596	4.19976362082119	12.5133049832542	13.0453339862377	14.0432667711771
AT3G06650.1	0.384153188477103	0.826038140178114	-0.504477029593531	-0.393798387127312	2.63770268475623	12.7760199014941	13.2719094092921	13.7095013129777
AT3G06720.1	0.113764056986661	0.821402232129927	1.04613796065371	2.44806277859873	3.55863429978718	13.882522850261	14.4378086108553	15.1387710198278
AT3G06860.1	0.268112382404131	0.821402232129927	0.425568826481486	1.41807997273409	2.43173493483032	12.0221308112491	12.9228264712348	13.2813514592737
AT3G07110.2	0.66430231538558	0.850868266516558	0.36982330265205	0.36982330265205	0.36982330265205	15.9544596697302	15.9544596697302	15.9544596697302
AT3G08580.1	0.88398830430172	0.920969721775246	0.0374951794917822	0.366053585929904	0.439130906292835	13.4140033944873	13.4235541865769	14.1386496895516
AT3G08940.2	0.5801663948502	0.835789643116255	0.250789053557216	0.33303633992998	1.52154344617162	12.6476479731623	14.1172187779341	14.1273462951839
AT3G09200.1	0.719971603800379	0.855431932679723	-0.322844997169638	-0.212572327320158	0.897530361311239	14.8229967182187	15.0628923521677	15.3953570418809
AT3G09260.1	0.342743551711649	0.821402232129927	-0.849738970729886	-0.849738970729886	-0.849738970729886	20.2540639503982	20.2540639503982	20.2540639503982
AT3G09440.1	0.378886240876832	0.821402232129927	0.755649186094962	0.755649186094962	0.755649186094962	16.5933412482525	16.5933412482525	16.5933412482525
AT3G09500.1	0.400884776633689	0.826038140178114	0.580299747225798	0.940239094335476	2.04476669110154	14.6445493749446	14.7604099999032	14.9652886249756
AT3G09630.1	0.852711054786256	0.909350102327512	-0.186025359479427	0.0404775975883971	0.600396874080778	13.3480504737558	13.8399856756868	14.0898011629911
AT3G09820.1	0.815387450496532	0.89032465011589	-0.322991412192569	-0.225386766783502	0.746009840516495	12.6657041951586	13.4770597095365	13.4814522055711
AT3G09840.1	0.292922705478227	0.821402232129927	0.807543321813661	1.52057094757466	3.04639758461506	13.9662374584031	14.7291507769233	15.0856645898038
AT3G10610.1	0.327036367419818	0.821402232129927	-2.40725381146173	-1.58192106775483	-1.40340297402322	17.2883987128631	17.7010650847165	17.7903241315823
AT3G10650.1	0.288729524107594	0.821402232129927	-1.59202141309567	0.360990101079526	1.50219533865325	12.7984004330665	13.207263062809	13.509882747385
AT3G11130.1	0.654797894671241	0.8433678099167	0.422331131716619	0.422331131716619	0.422331131716619	16.2414042522401	16.2414042522401	16.2414042522401
AT3G11400.2	0.791201450119469	0.882074072722327	-0.244545594862682	-0.180712803170666	0.618587002763884	13.028585087666	13.4790320231408	14.3972825374346
AT3G11510.1	0.21947308337254	0.821402232129927	1.25099825023661	1.25099825023661	1.25099825023661	17.7954131373329	17.7954131373329	17.7954131373329
AT3G11630.1	0.256376589474213	0.821402232129927	1.39231935609848	1.50385492413321	1.80149305211746	12.8084015395277	13.2520159151778	13.7850686125908
AT3G11830.1	0.2791106195271	0.821402232129927	-1.84897994378446	-1.60029179279528	-0.807503590520333	13.3937862700738	13.4342545328445	14.0008812296477
AT3G12580.1	0.0568113855750092	0.821402232129927	1.14049549457816	2.878830746204	2.95518240192789	13.752156176323	13.790332004185	14.6594996299979
AT3G12780.1	0.671462081903422	0.852741961512368	-1.03280040283124	-0.646765530897947	-0.614984150109247	15.6464931454459	15.8395105814126	15.8554012718069
AT3G12800.1	0.568070734085884	0.835789643116255	0.939702076808493	1.15113715196499	2.07422181938542	14.3250564232284	15.0614987839245	15.1456264445206
AT3G13570.1	0.0779798298281288	0.821402232129927	1.69378595545931	2.65810801170761	4.57156119017578	13.7222782982452	14.6790048874793	15.1611659156034
AT3G13750.1	0.521001475817388	0.834347056669751	-1.04110299567382	-1.01727609974189	0.549262386349798	13.1945118276293	13.5836921825516	13.9967468835044
AT3G13920.5	0.0442756571717243	0.821402232129927	1.57607314345438	2.09658122010681	3.09511438243961	13.7903787787119	14.0278113960225	14.4014121844811
AT3G14210.1	0.233723206824934	0.821402232129927	1.66283701571411	2.38523748427842	3.24294516434344	13.6398122961375	13.7177412381205	14.3933644966211
AT3G14310.1	0.933841089607234	0.953995933267822	0.0791850279811938	0.0791850279811938	0.0791850279811938	17.8142531840139	17.8142531840139	17.8142531840139
AT3G14415.2	0.739374095336057	0.865906157012125	0.00594744530048635	0.103888825381159	0.785886684047695	14.4355908319661	15.2677447143261	15.5315062547893
AT3G14420.1	0.688405749329867	0.852741961512368	-0.388863443202802	-0.388863443202802	-0.388863443202802	19.3715981467135	19.3715981467135	19.3715981467135
AT3G15010.1	0.101321631971318	0.821402232129927	1.52753494152044	1.69682974916915	2.74992070403158	13.1907389238729	13.4908015275741	14.1123339067426
AT3G15360.1	0.303871598995154	0.821402232129927	-0.52662910823979	-0.218413022405164	1.83006256568262	12.916591541963	13.3610160255584	13.4719850387187
AT3G15730.1	0.581586952787341	0.835789643116255	-1.53346656204905	0.129970160633319	0.754431768502986	13.6688724757268	14.4354918850916	14.5221628392973
AT3G15950.1	0.23600704793928	0.821402232129927	-1.79710703976289	-1.42429757869421	-1.16429037649188	15.0337984047032	15.2202031352376	15.3502067363387
AT3G16000.1	0.273929397840826	0.821402232129927	1.96072146194442	2.33617190441558	4.4343326837071	13.4674174417595	13.8697442796687	14.6274658952442
AT3G16420.1	0.575977289999603	0.835789643116255	-0.705769913908858	-0.705769913908858	-0.705769913908858	16.8983430410905	16.8983430410905	16.8983430410905
AT3G16450.1	0.590963861065021	0.835789643116255	-0.47068555436107	-0.47068555436107	-0.47068555436107	16.2399374825916	16.2399374825916	16.2399374825916
AT3G16460.1	0.45905061199902	0.834347056669751	-0.768087647962414	-0.768087647962414	-0.768087647962414	17.0757009850805	17.0757009850805	17.0757009850805
AT3G16470.1	0.748610485619443	0.868965631431614	-0.327373036210972	-0.200852330002397	1.13546105591573	14.7341686215712	15.1370738482377	15.40360447697
AT3G17390.1	0.0967783021375994	0.821402232129927	1.55864014854741	1.55864014854741	1.55864014854741	18.3689430266292	18.3689430266292	18.3689430266292
AT3G18035.1	0.623472490526994	0.835789643116255	-0.447277953666489	0.43194982646261	1.36122174960564	12.4938077009956	13.1604281950945	14.0974111214906
AT3G18080.1	0.884524437169899	0.920969721775246	-0.142902567198225	-0.142902567198225	-0.142902567198225	17.5815078757713	17.5815078757713	17.5815078757713
AT3G18190.1	0.458568029686972	0.834347056669751	0.11828674367409	0.848080481896739	2.74875562189851	12.0196093696992	13.2282463536911	13.3023807454626
AT3G18740.1	0.314329945159386	0.821402232129927	1.05320041262803	1.58489856617269	1.72614643983286	15.6971633294235	15.7677872662536	16.0336363430259
AT3G18780.2	0.938628953294117	0.957165611258633	-0.064039709517473	-0.064039709517473	-0.064039709517473	17.8555096944766	17.8555096944766	17.8555096944766
AT3G18790.1	0.363956528336073	0.821402232129927	0.296597555311786	1.08442873432907	1.57561436005731	13.2548311349344	13.4208989189664	13.6205510889166
AT3G18890.1	0.290253614396083	0.821402232129927	1.10707182222647	1.10707182222647	1.10707182222647	16.8576640299475	16.8576640299475	16.8576640299475
AT3G19360.1	0.0327047610126016	0.821402232129927	2.01283325279191	3.47391819159836	3.90790192404432	12.7662244723323	13.2677780425697	13.4039703277121
AT3G19760.1	0.188400625660201	0.821402232129927	1.64141100346118	3.27182339006319	3.30830068504207	15.0554910085476	15.0737296560371	15.8889358493381
AT3G20050.1	0.488253069358063	0.834347056669751	0.666768857936481	0.685436316600878	1.31520774948048	12.6932790992753	14.032561546256	14.1638709316459
AT3G20820.1	0.990262231953439	0.993736136453993	0.0121006321022795	0.0121006321022795	0.0121006321022795	17.3005690631762	17.3005690631762	17.3005690631762
AT3G22110.1	0.606839529997096	0.835789643116255	-0.957364049237234	-0.308017068653418	0.290871693333397	13.3106650901107	13.7518964520537	14.1692665739827
AT3G22520.1	0.505523526755387	0.834347056669751	0.664580333226277	0.666023758507242	0.845537727881233	12.5441239579828	12.6079198664363	13.7432593811687
AT3G23810.1	0.177026567698588	0.821402232129927	0.063287209152194	2.16103666808617	2.21218784020257	13.5667173928496	13.9341030115271	14.0255206080656
AT3G25520.1	0.421744825090938	0.826038140178114	0.727840793362883	0.727840793362883	0.727840793362883	18.2871859105347	18.2871859105347	18.2871859105347
AT3G25920.1	0.536201951623087	0.834347056669751	-0.90260417678338	0.712327876332027	0.746631618909051	14.1033615059508	14.3047604030183	14.5143955064486
AT3G26060.2	0.40466800570986	0.826038140178114	0.804202320040043	1.58625171144986	2.28183157860715	15.5793662830369	15.9271562166155	16.3181809123204
AT3G26420.1	0.43178423618846	0.828333201658298	0.548653290938023	1.1196655439261	1.75447578592754	14.7929535450634	15.1103586660641	15.3958647925582
AT3G26560.1	0.68451864500129	0.852741961512368	-0.83618956856696	0.0859305357482736	0.0905481511536132	13.3590137384061	14.1326405658706	14.1903598211863
AT3G26650.1	0.641556838730083	0.835789643116255	-0.479395587775479	-0.479395587775479	-0.479395587775479	18.9982650081013	18.9982650081013	18.9982650081013
AT3G27850.1	0.489521712078392	0.834347056669751	0.0437678281713008	1.02700736989627	2.44288895447349	13.5080561668398	13.7943435609882	13.9183867129344
AT3G32980.1	0.54623075022966	0.834347056669751	-1.70219464030673	-0.45161968383732	1.68182430748597	14.6642330571112	14.666237761975	15.3659551949002
AT3G42170.1	0.139361473211803	0.821402232129927	1.40185652276041	1.6686705099319	3.42298162704131	15.278600324295	16.1557558828497	16.2891628764355
AT3G44110.1	0.0174016671856188	0.659917456808305	4.16795465111152	4.40528745248758	5.41722433586293	14.6889139039158	15.1948823456035	15.3135487462915
AT3G44310.1	0.991986601002489	0.993736136453993	-0.00843090339794172	-0.00843090339794172	-0.00843090339794172	16.343634429435	16.343634429435	16.343634429435
AT3G44890.1	0.479484380934427	0.834347056669751	1.03020826414839	1.05299554345923	1.09292082479303	15.7689563277664	15.7889189684333	15.8003126080887
AT3G45140.1	0.182022761450622	0.821402232129927	-0.647109507400714	0.27044457844008	2.72528146995939	12.1355717213874	12.8422441887484	13.8325362372719
AT3G46740.1	0.227132874665175	0.821402232129927	0.488054072892729	0.704720220658938	1.96194046608334	12.4474831518349	13.02808052126	13.738536067172
AT3G46780.1	0.476702683003673	0.834347056669751	-1.45292969339614	-1.41036640169093	-1.01831455064185	15.32455428267	15.3458359285226	15.5418618540472
AT3G47470.1	0.0907463011286882	0.821402232129927	1.92716853478924	2.56062367811403	3.13085585764114	11.8789839666608	13.6853121324087	13.6928655706208
AT3G47520.1	0.319739529248223	0.821402232129927	0.811667402601495	0.92557051335766	1.66190797602928	11.8747760641531	13.4946488060787	13.8491501292644
AT3G47800.1	0.406011873593426	0.826038140178114	-1.46101607235483	-1.12093314628204	-1.08837339425905	15.1928643352251	15.3629057982615	15.379185674273
AT3G48690.1	0.269170679527314	0.821402232129927	0.581532508669335	0.938222788447711	1.68859710783665	12.4496364975029	13.2115296422046	13.3340407760248
AT3G48730.1	0.497517371992852	0.834347056669751	0.0358970463054843	0.338139076455885	2.72563876762936	12.0616209586566	13.2367274505973	13.7856950394221
AT3G48990.1	0.35771355887158	0.821402232129927	-0.590360572265571	1.11717728417895	2.00066303308656	12.7642551388914	12.909748451561	13.1279546998709
AT3G49010.1	0.844389281722473	0.90493040003465	0.209202130326575	0.209202130326575	0.209202130326575	17.1021750933264	17.1021750933264	17.1021750933264
AT3G49430.1	0.232277434342204	0.821402232129927	1.12917024051578	1.35025588479277	1.55234309652891	13.8541930137458	14.0110515531098	14.1439971070027
AT3G49720.1	0.583426507103477	0.835789643116255	-0.560262725344301	-0.191901743576455	0.920058385424923	13.6051572101444	13.7856271195202	14.0919973505901
AT3G49910.1	0.354387429379415	0.821402232129927	1.3268504818892	1.42827473617071	2.16090652023568	14.9586818664581	15.113029690308	15.1540394384222
AT3G50670.1	0.103839490525419	0.821402232129927	2.1118139111219	2.92330952366868	3.06798593096718	14.2421477554779	14.3144859591271	14.7202337654005
AT3G51600.1	0.0842090178816012	0.821402232129927	2.16892791179603	3.30396417859767	4.66765697384544	13.2234542291961	13.2338293712703	13.3797180072769
AT3G51880.2	0.47400739014775	0.834347056669751	0.756893065653108	0.805025728169259	1.96934455327319	12.9692707081515	13.2945546022087	14.2943513393897
AT3G52500.1	0.714364755778684	0.855431932679723	0.387280836174485	0.600950527246242	0.710817952496267	14.9742537924917	14.9786041300227	15.0775368203726
AT3G52660.1	0.68843422600572	0.852741961512368	-0.497995769889017	0.298842851350228	0.375598641038322	12.4606516882685	12.5637797471911	13.6093454364498
AT3G52880.2	0.0100498002526023	0.659917456808305	1.41840593043022	2.61501073592293	3.530689287445	12.3237483863583	12.8122926793589	13.2334598041425
AT3G52930.1	0.707976725691442	0.85319954069529	0.339202070195076	0.339202070195076	0.339202070195076	16.3121175325231	16.3121175325231	16.3121175325231
AT3G52960.1	0.812864867173715	0.889609334402062	-0.156717278734441	0.362936221717949	0.416221803423502	13.5813633011397	14.107088700616	14.2173167164353
AT3G52990.1	0.702434007146433	0.852741961512368	-0.0878937120385895	0.175782359117379	1.07274048708409	13.3579950532702	13.6261707682441	13.9288182862919
AT3G53020.1	0.373115743402251	0.821402232129927	0.881411609390228	1.14425054385533	1.29665119013812	15.4650851824315	15.5412855055729	15.6727049728055
AT3G53420.1	0.724092584634067	0.855431932679723	0.14244130563735	0.426771907248163	1.2565576213418	15.1916863909081	15.7241614696795	15.8183060460092
AT3G53430.1	0.991358129988306	0.993736136453993	-0.0167325780719986	-0.0167325780719986	-0.0167325780719986	17.0485336868068	17.0485336868068	17.0485336868068
AT3G53500.2	0.301967214087714	0.821402232129927	0.772635033495735	1.55005042848083	2.08734344410829	13.9250147066781	14.3021169837194	14.4529769867899
AT3G54050.1	0.251968288399707	0.821402232129927	0.69467181556671	1.43062148395597	1.74259498504828	12.7954784390216	13.7035943368034	14.2386919014943
AT3G54170.1	0.000360666986614281	0.102429424198456	4.87920828028064	5.2121602458014	6.61747746337694	15.2328216606339	15.9354802694217	16.1019562521821
AT3G54400.1	0.817706956756932	0.89032465011589	-0.238258733314431	-0.238258733314431	-0.238258733314431	17.4073570536957	17.4073570536957	17.4073570536957
AT3G54760.1	0.495444713656521	0.834347056669751	-1.29875551924035	-0.819348064969431	0.611193265682517	12.445241287314	12.7974015375103	13.5969984724155
AT3G54890.1	0.246819948316099	0.821402232129927	1.43552069853428	1.58075950282524	1.70359295960956	13.834260111934	14.1970918961144	14.2177204175716
AT3G55220.1	0.416089170114092	0.826038140178114	0.273225611837562	1.62953467202684	2.08643983282333	13.8399766832461	13.9962509560064	14.8071264348829
AT3G55280.1	0.181458737291832	0.821402232129927	1.56681330857553	2.91409537941761	4.19861838943423	14.6174693047957	14.8893739293119	14.9801540505801
AT3G55750.1	0.0945142905413032	0.821402232129927	1.82418029607493	3.14462086794041	3.23968145207898	14.6352357604613	14.6827660525306	15.3429863384634
AT3G55800.1	0.118603735349008	0.821402232129927	1.06266634161058	1.64200010679348	3.08921919464993	12.5262110006581	12.9303805721246	13.453398444545
AT3G56240.1	0.393065475719285	0.826038140178114	1.23440742399309	1.26492027999402	1.88637964619851	11.5726660736998	11.9854136856516	13.5554881084363
AT3G56340.1	0.466899620833712	0.834347056669751	0.730151345671039	0.730151345671039	0.730151345671039	16.2694043983658	16.2694043983658	16.2694043983658
AT3G57150.1	0.717176398272145	0.855431932679723	-0.909630302312063	-0.317888094632064	-0.194791421940956	14.9392652221969	14.9775674719988	15.2160039071118
AT3G58510.1	0.334872732857493	0.821402232129927	1.43424164911017	2.0446122762642	2.16627677915856	12.6303621876727	12.9855943487223	13.2106624321752
AT3G58610.1	0.183419851585076	0.821402232129927	1.09493079343895	1.51224482410227	3.43750075474067	11.2332466113733	12.5356827051344	12.7105343586588
AT3G60245.1	0.728627356265918	0.855431932679723	0.348730907924562	0.348730907924562	0.348730907924562	16.9457518636618	16.9457518636618	16.9457518636618
AT3G60750.1	0.922602368245418	0.947627748939236	0.119523422964927	0.119523422964927	0.119523422964927	16.3116823735158	16.3116823735158	16.3116823735158
AT3G61240.1	0.036138919158381	0.821402232129927	2.42043193210887	4.06256382856509	4.39261241778073	14.707488399165	14.8725126937729	15.693578642001
AT3G61820.1	0.512745773586911	0.834347056669751	-0.912947819147761	-0.455702699143999	1.33959087880178	11.4507618181473	12.3106933782323	13.6809137415342
AT3G62030.2	0.555977516312949	0.834347056669751	-1.35131617488999	0.54697350331897	2.24227340376442	13.2189106717198	13.7576442092258	14.9357130119835
AT3G62310.1	0.496101985177536	0.834347056669751	0.231662307114518	0.397811013312563	0.961965725132811	14.1188060324911	14.4589684324841	14.6314072524424
AT3G63140.1	0.24964444729973	0.821402232129927	-1.03481316682338	0.175491480730882	3.955468258982	13.3327199906332	13.8836699118934	14.3083570044415
AT3G63460.1	0.102954102836829	0.821402232129927	1.17441141523536	2.40107499911868	3.02113926181199	12.7934493006747	13.862597839805	14.0135514259112
AT3G63490.1	0.859981540489757	0.91313517953856	-0.541110793622054	-0.250817731291496	-0.0357684606284268	13.8409012694583	14.3093705565647	14.8157640544526
AT4G00100.1	0.242226729492714	0.821402232129927	2.37009135499218	2.50534050476998	3.78839185274666	15.1061827062963	15.7477083802846	15.8153329551735
AT4G01310.1	0.494979127816288	0.834347056669751	-1.3495491413341	-0.104460511520023	0.312491485501521	13.4224152993441	14.0925997188671	14.4591268069574
AT4G03120.1	0.117687502060566	0.821402232129927	0.591198508112517	2.75848501906242	3.29690964226961	11.9602199171967	12.6939741308958	12.7701179494456
AT4G03430.1	0.19988654778363	0.821402232129927	-1.58349709357838	1.08116127368636	1.66424953197369	13.0185125939209	13.447749122616	13.6122397453266
AT4G04640.1	0.668076097376628	0.852735333280729	-0.842855268598788	-0.612793091406758	-0.145673476000389	15.1791799618192	15.2942110504152	15.5277708581184
AT4G05180.1	0.141636199656265	0.821402232129927	2.6124190300591	2.62197334103516	2.69862380155218	13.9352742988439	13.9500473435645	14.1566424648736
AT4G09000.2	0.608310040747224	0.835789643116255	0.334395948499314	0.742424219617387	1.13697959430548	12.8569501521915	13.1909681731765	13.7365148075579
AT4G09320.1	0.412963660806932	0.826038140178114	-0.0721394685497688	1.10726118699718	1.34542348022224	12.8015038284775	13.4141052641631	13.7762153612449
AT4G09800.1	0.613993347178091	0.835789643116255	-0.499073325000547	-0.499073325000547	-0.499073325000547	17.6523857362135	17.6523857362135	17.6523857362135
AT4G09980.1	0.0912515411048709	0.821402232129927	1.16366527653078	1.85124658248273	2.56990118240963	14.1011434427566	14.4604707427201	14.8042613956961
AT4G10340.1	0.871724383985022	0.914919586546625	-0.26296278683383	0.154115576505077	0.514052709077667	12.7676585864454	13.569744047982	13.9434375153167
AT4G10760.1	2.61099167897501e-06	0.00148304327365781	11.4934385508854	11.6212862646005	12.2904413614031	18.6258386294532	18.9604161778545	19.0243400347121
AT4G11010.1	0.513335784978264	0.834347056669751	-0.11634862041427	1.10916249940121	1.46835697438668	14.6861139849225	14.9784303834944	15.0828533149721
AT4G11420.1	0.723835224247532	0.855431932679723	-0.0897624059993061	0.128584006970065	0.984914413678877	13.3212067244535	13.6866647040432	14.4255663045327
AT4G13780.1	0.145572714764404	0.821402232129927	0.590232421377584	2.28404609958302	3.7316864121381	12.576965147112	12.7592312743184	13.8659164313886
AT4G13930.1	0.692358173845101	0.852741961512368	0.0517866200602533	0.295744649510161	0.764356656702672	13.1559083239155	13.6154691080509	14.3050717374346
AT4G13940.1	0.618072793621718	0.835789643116255	0.483767505187812	0.483767505187812	0.483767505187812	17.8493586827835	17.8493586827835	17.8493586827835
AT4G14960.2	0.0392701262577345	0.821402232129927	2.01027788449624	2.01027788449624	2.01027788449624	19.1453355250771	19.1453355250771	19.1453355250771
AT4G15000.1	0.20495887317921	0.821402232129927	1.47185073642024	2.10665326720192	3.13861874781622	15.371867724915	15.8878504652222	16.205251730613
AT4G15900.1	0.325299590691146	0.821402232129927	0.821886727489665	1.27500538514812	2.2787485486669	13.7029508859682	14.467853454504	14.7621774863114
AT4G16143.1	0.903381301212299	0.936351421694499	0.106685621941852	0.106685621941852	0.106685621941852	15.9851055156679	15.9851055156679	15.9851055156679
AT4G16155.1	0.300894809102438	0.821402232129927	-0.0827211189208076	1.1770623791937	1.97967883469876	12.3718876138573	12.9413497053644	13.5916026618574
AT4G16990.12	0.104907372126238	0.821402232129927	0.330539197543212	0.579793879724391	2.39668553535863	12.3442036989297	12.6435999978626	13.8494122696167
AT4G17390.1	0.0589667574932354	0.821402232129927	2.79843880564187	3.30529618850676	4.19701253082976	15.1681841477092	15.6140423188707	15.8674710103031
AT4G18100.1	0.339306734104493	0.821402232129927	0.641307262247643	1.2615768889237	3.00900734354953	14.0279968077054	14.2200438651989	15.0346649079955
AT4G19410.2	0.430266153250275	0.828333201658298	0.303121882826797	1.28697349762791	1.56607396092021	14.9139611388411	15.0535113704873	15.5454371778878
AT4G20360.1	0.866611138469842	0.914919586546625	0.224542682404893	0.224542682404893	0.224542682404893	17.5413322718299	17.5413322718299	17.5413322718299
AT4G20890.1	0.74963584401671	0.868965631431614	0.280102286274963	0.280102286274963	0.280102286274963	17.4745357837524	17.4745357837524	17.4745357837524
AT4G21280.2	0.457031711897454	0.834347056669751	0.543665268336607	1.33089614168351	2.14918486974307	13.7074600779783	14.1535824051272	14.7526680832064
AT4G21660.3	0.843110643581213	0.90493040003465	-0.148845606695052	0.240867619686084	0.298691829386589	12.6575909272975	13.8572267194603	13.9833019978692
AT4G21710.1	0.29754294095648	0.821402232129927	0.226581869328029	1.78184091452112	2.76525198733216	13.3432844485656	13.6673304843983	14.1316558768404
AT4G22380.1	0.352434495903795	0.821402232129927	0.987707586544827	1.94991387800947	2.96987675949135	11.5993015219636	12.6172757369082	13.3822036289827
AT4G22485.1	0.592753858214346	0.835789643116255	-0.474714741336549	-0.474714741336549	-0.474714741336549	16.4097288704651	16.4097288704651	16.4097288704651
AT4G22490.1	0.388238418977765	0.826038140178114	-1.38518097615206	-1.16069876999787	-0.0900739554977916	13.2072845317172	13.660843591764	13.8061292193967
AT4G22505.1	0.163593028952782	0.821402232129927	-2.83332018470981	-0.872231027539977	0.174267427444721	11.4095683409579	13.497668288139	13.7310095410224
AT4G23670.1	0.2058955935824	0.821402232129927	1.50854972704515	2.16511881366248	3.0942541230046	15.3557641270872	15.8203317817583	16.1486163250669
AT4G24280.1	0.305285311018852	0.821402232129927	-1.02623099570971	1.32120592723961	1.67186991190726	12.5782800800824	12.9653706545301	13.5286628674312
AT4G24770.1	0.699997156292413	0.852741961512368	-0.271512562904543	0.322087227175895	0.663393116884799	12.5903305812655	13.241386977119	14.2542440944851
AT4G24780.1	0.458460843751677	0.834347056669751	0.610129135616628	0.610129135616628	0.610129135616628	15.7271183995053	15.7271183995053	15.7271183995053
AT4G25100.1	0.308120272889963	0.821402232129927	0.676994168380086	0.767808538696821	2.40370573314138	13.086512599656	13.2180532062361	13.5152460265248
AT4G25550.1	0.701299090354136	0.852741961512368	-0.609538576543515	-0.0847347975213181	0.355433185054453	13.3504530278417	13.9914614723415	14.471654222987
AT4G25835.1	0.483367513912074	0.834347056669751	-0.681118085618525	1.57576296962244	1.78548473055515	12.583085074745	14.3223951206268	14.8191619840472
AT4G26110.1	0.629882064640022	0.835789643116255	-0.17660792497705	0.567924599277683	0.864709631751111	13.6372052606606	13.6951152162421	14.0373728498222
AT4G26530.1	0.322615148425257	0.821402232129927	0.933480851654061	0.933480851654061	0.933480851654061	16.3025942209265	16.3025942209265	16.3025942209265
AT4G27090.1	0.354305478520107	0.821402232129927	0.872515262608382	1.09098349923682	2.216402247705	15.3690147573538	15.9317241315879	16.0409582499021
AT4G28440.1	0.150385335530448	0.821402232129927	0.58614416566467	1.31098029059655	2.30933190564864	13.8668521282106	14.218272678084	14.6664402635019
AT4G28520.1	0.352040634139548	0.821402232129927	0.112475177930306	0.784364783411313	1.35510285027207	13.4132034780002	13.8425838078427	14.0929973225524
AT4G28750.1	0.234360101388076	0.821402232129927	1.51632782178416	1.88094537571579	2.10824913572691	13.5732947189012	13.6208599845489	14.0026286868007
AT4G29010.1	0.647960784064377	0.840277911754717	0.372536689249255	0.770093669799236	0.770987857176154	13.7190574960819	14.1684014030113	14.3042143513405
AT4G29060.1	0.640255046311788	0.835789643116255	-0.627151357505169	-0.0682080753733072	0.95763392875493	13.3285921364445	13.3412521761815	13.934534118139
AT4G29410.1	0.643205414523065	0.836019852286272	-1.28989391210901	-0.122103815052058	0.562505276034177	13.9568536412663	14.0057048866889	14.1118772794107
AT4G31300.2	0.16087005671031	0.821402232129927	1.2494670237404	1.72685991244256	2.77958655011369	12.5260897811589	12.9459614063177	13.5426010324357
AT4G31490.1	0.611933792571205	0.835789643116255	-0.310843573777273	-0.0962699370178752	0.882026520716096	14.0721652798506	14.1867099282809	14.3341101996029
AT4G31580.1	0.623391217011856	0.835789643116255	0.495091770384559	0.495091770384559	0.495091770384559	17.6864187851055	17.6864187851055	17.6864187851055
AT4G31700.1	0.749064763963985	0.868965631431614	0.289850174896008	0.289850174896008	0.289850174896008	17.117579845813	17.117579845813	17.117579845813
AT4G32260.1	0.0715130033100737	0.821402232129927	0.477978435637558	2.40124808849419	2.64345079040947	12.9970083881753	13.1437023282536	13.2647972364884
AT4G33010.1	0.61026793462361	0.835789643116255	-0.897473491920962	-0.602923811085692	-0.0942945718950491	14.3268535700232	14.5749771642149	14.7144588000213
AT4G34110.1	0.0855155489309156	0.821402232129927	1.10725808154208	2.154875373292	3.11232437880304	13.5452196198838	13.8568240933135	14.2628012828534
AT4G34200.1	0.140834681777881	0.821402232129927	-3.45564517014227	-2.897757255169	-1.14878631705596	13.750751996623	14.0296959541097	14.9041814231662
AT4G34450.1	0.610730955837785	0.835789643116255	-1.115909679309	-0.81743564120281	-0.585980447870848	13.065129520436	13.120559722712	13.482992736851
AT4G34670.1	0.866263814197057	0.914919586546625	-0.0110172930934886	0.0336499863594693	0.524799593495934	15.5279562488984	15.5395964090046	15.5887346500809
AT4G34870.1	0.212847827065712	0.821402232129927	0.381744573305037	0.879923700302504	3.67458210156657	13.3162528216927	13.4422231672208	14.0809128688173
AT4G35090.1	0.620269628384921	0.835789643116255	-0.516009641600741	-0.516009641600741	-0.516009641600741	21.4376582761446	21.4376582761446	21.4376582761446
AT4G35100.1	0.578943231621098	0.835789643116255	-0.278019807636679	0.861675975151375	1.1327060711969	12.9208724370462	13.3204501968109	13.6401594106644
AT4G35450.5	0.352551173855996	0.821402232129927	-0.213904606989522	0.754041540385485	1.74422708524679	12.2581740587772	13.5620510726081	14.444351561153
AT4G35800.1	0.306140079265763	0.821402232129927	1.13482806029889	1.35798793819554	1.72810059529952	12.1959943293644	12.9577157695143	12.9976152809578
AT4G36020.1	0.519961788087249	0.834347056669751	0.35632932576691	0.838268898865673	1.42209787562757	13.642025661666	14.4857104505996	14.6869309985473
AT4G36690.1	0.218739416591586	0.821402232129927	1.70378262812132	1.96530206891202	3.00218156392557	13.086507739893	13.508028431353	14.2597243626062
AT4G37930.1	0.611266179591029	0.835789643116255	-0.819562036158853	-0.48403857184348	-0.404080898668547	15.3740812711704	15.5418430033281	15.5818218399156
AT4G37980.1	0.00823332381935856	0.659917456808305	2.16113718128966	3.09712000970317	3.28197998870599	13.9694972324629	14.0619272219643	14.5299186361711
AT4G38680.1	0.745311543401885	0.868965631431614	0.439939002168492	0.439939002168492	0.439939002168492	18.3647706853208	18.3647706853208	18.3647706853208
AT4G38970.1	0.744438957439619	0.868965631431614	0.415497762170105	0.415497762170105	0.415497762170105	16.5375817687914	16.5375817687914	16.5375817687914
AT4G39200.1	0.316635673401021	0.821402232129927	0.380657937319969	1.88292491299577	3.30817483757329	14.1840980430889	14.890380578156	15.3495234954195
AT4G39260.1	0.751647874188658	0.869523406393396	0.288755222157873	0.288755222157873	0.288755222157873	16.894488908412	16.894488908412	16.894488908412
AT4G39330.1	0.0808943413965362	0.821402232129927	1.5988103027591	2.13116228722664	3.43004598938424	13.073219679979	13.8664691860539	14.0192644969717
AT4G39640.1	0.47261189144815	0.834347056669751	-1.38859416019309	0.0513919264231386	0.478785017969265	12.3732004795785	13.4366679306159	13.4890804195882
AT4G39680.1	0.300263983469938	0.821402232129927	0.478465481726143	0.765233649084864	2.73919790941938	13.5675766545487	13.6795165151177	14.0615189334968
AT5G01160.1	0.0120376846355506	0.659917456808305	2.42677224545001	2.63828433823488	3.49032252880222	14.2635191649106	14.6895382601943	14.7952943065867
AT5G01530.1	0.0748327002005352	0.821402232129927	-0.0426588102570745	1.41337207908368	4.67210510835991	12.3202397511693	12.9099652209927	13.6351306204535
AT5G02450.1	0.309463298997954	0.821402232129927	0.446007738831882	2.13870788841764	2.59471300409263	14.2976108587375	14.6021523472528	14.7114943740082
AT5G02490.1	0.119355580526644	0.821402232129927	1.9242102072204	2.24406743088748	2.3616532829047	13.0847419179805	13.3488721143863	13.6570073251684
AT5G02500.1	0.24665303189377	0.821402232129927	0.997371898942855	0.997371898942855	0.997371898942855	19.5765904353808	19.5765904353808	19.5765904353808
AT5G02530.1	0.283617023944371	0.821402232129927	0.855233529183055	2.07384463946432	2.41633430214254	15.2359326960517	15.4071775273908	16.0164830825314
AT5G02560.2	0.706823142955348	0.85319954069529	0.25438671774028	0.469438223182446	1.04076095964215	14.609336511086	14.6850945549396	15.155623390756
AT5G02870.1	0.822663098858049	0.891741679678191	0.228018451910618	0.228018451910618	0.228018451910618	17.5794398405727	17.5794398405727	17.5794398405727
AT5G03740.1	0.351371032463722	0.821402232129927	-3.12638655418934	-0.570005003349392	0.551858863773036	13.498947480845	14.6947934531506	15.1239391326904
AT5G04140.2	0.605200162766904	0.835789643116255	-0.960062245357604	-0.672152793940646	0.672252238480042	13.2899735083255	13.4363592749603	13.5143180960085
AT5G04280.1	0.134498937480239	0.821402232129927	1.55290948189713	1.97305100314518	3.8709901251544	13.878126412695	14.6328729298119	15.0160257142593
AT5G04430.2	0.780737841390072	0.880805277738252	0.15600100634135	0.292517953178379	0.34504329145649	12.8873640346266	13.2220952099586	13.8439680813261
AT5G05010.1	0.0729133658923747	0.821402232129927	-0.222805697082087	1.49933494867274	3.07960203712106	13.37258304855	13.4061499315457	13.6330226943975
AT5G06670.1	0.313551201492046	0.821402232129927	1.48358913467086	1.85724162910154	3.70615649526638	14.8956311403271	15.7826523894366	15.9747647069879
AT5G07030.1	0.506692144161488	0.834347056669751	1.08654815502874	1.37385055435782	1.56134481979783	14.0232302732367	14.2247596373042	14.4499499453715
AT5G07350.2	0.950012394185932	0.966659175080464	-0.0535735235337894	-0.0535735235337894	-0.0535735235337894	15.3298962189807	15.3298962189807	15.3298962189807
AT5G07440.1	0.364252207128851	0.821402232129927	-1.79981773004925	-0.0644945066753129	-0.0215024510700085	13.0286390534493	13.0431176007846	13.7163626458385
AT5G08280.1	0.399009081605294	0.826038140178114	0.500934523750857	0.976104716648295	1.93689213793253	11.3353801907884	13.8042420938234	13.8511289650603
AT5G08420.1	0.631443480703876	0.835789643116255	-1.0018347048034	-0.78499609465411	-0.397004325815251	14.2382637592493	14.3640942561971	14.4320939447304
AT5G08450.1	0.343597581960006	0.821402232129927	0.49646244025796	0.966407105999641	0.999508451392704	13.3123930585696	13.8092604020508	14.1510500732688
AT5G08690.1	0.708996801422846	0.85319954069529	0.363657566943809	0.363657566943809	0.363657566943809	16.7319008819173	16.7319008819173	16.7319008819173
AT5G09510.1	0.964180526683907	0.974474268961671	0.0444700290487848	0.0444700290487848	0.0444700290487848	17.2471115925892	17.2471115925892	17.2471115925892
AT5G09660.4	0.626291185051698	0.835789643116255	-0.498911584887716	-0.498911584887716	-0.498911584887716	17.4438263970685	17.4438263970685	17.4438263970685
AT5G09810.1	0.226915216124221	0.821402232129927	1.20774634977299	1.20774634977299	1.20774634977299	19.2010347510551	19.2010347510551	19.2010347510551
AT5G10010.1	0.396486134310741	0.826038140178114	0.367324807270298	1.13986121391934	1.95819879650269	12.4986060357746	13.2402390236989	14.3335399925332
AT5G10270.1	0.169943479025121	0.821402232129927	-1.43836034689956	0.395471195040573	2.36250529926878	12.7837295522872	12.9804940540697	13.1737490783639
AT5G10360.1	0.0932285882875604	0.821402232129927	0.977668773851566	2.15749961799184	3.61900474299979	12.8953306176564	14.0953753227648	14.5169374375014
AT5G10980.1	0.152850683780273	0.821402232129927	1.45640268257541	1.45640268257541	1.45640268257541	19.5329032005964	19.5329032005964	19.5329032005964
AT5G11170.1	0.246924431100799	0.821402232129927	1.03323017317094	1.03323017317094	1.03323017317094	17.4411314761688	17.4411314761688	17.4411314761688
AT5G11420.1	0.433124931148793	0.828333201658298	0.917039877009	0.926648146382979	1.12793011602447	16.3082312426061	16.4088722274269	16.4136763621139
AT5G12250.1	0.147078773713859	0.821402232129927	1.36707038662066	1.96828994575871	2.06208019923246	15.2133669139528	15.2602620406897	15.5608718202587
AT5G14170.1	0.251639274000285	0.821402232129927	-1.25683987309481	-0.78313677231905	2.48783036584	12.6217623489052	13.8464069895893	14.2308102702882
AT5G14320.1	0.591899535183262	0.835789643116255	-0.376320310546052	1.01011336707184	1.03044600826126	14.0378758695642	14.0654163960811	14.453244029598
AT5G14740.1	0.130982520224754	0.821402232129927	1.60670354557886	1.60670354557886	1.60670354557886	19.1832598463113	19.1832598463113	19.1832598463113
AT5G15200.1	0.115662626784977	0.821402232129927	1.79834125562956	2.6586528343129	3.16016051213112	15.8237085788382	16.0744624177473	16.504618207089
AT5G15270.1	0.239802857622352	0.821402232129927	0.763096315718792	1.0323034585847	2.10132090848182	13.1747132966087	14.0009125318947	14.1944133101719
AT5G16130.1	0.369964762860827	0.821402232129927	-0.0110365646791192	1.14843515681508	2.35457508474193	13.7020862228599	14.8160782521429	15.0332557311221
AT5G17170.1	0.722358995195638	0.855431932679723	0.219059645677543	0.638171979997045	0.753462912116486	14.7487280139899	15.2257094484648	15.4699887928559
AT5G17310.2	0.174825966035467	0.821402232129927	-0.849617767994469	0.59486957258995	3.43453238590179	12.6208208125557	13.8069625938238	13.8566637962951
AT5G17920.1	0.596990012005946	0.835789643116255	-0.558479433002942	-0.558479433002942	-0.558479433002942	17.8810610279065	17.8810610279065	17.8810610279065
AT5G18380.1	0.779956749493791	0.880805277738252	0.250482256306682	0.250482256306682	0.250482256306682	18.1280679350163	18.1280679350163	18.1280679350163
AT5G19510.1	0.351070004799235	0.821402232129927	-0.769932651469991	0.56487635339896	2.12967726501755	12.9414464357511	13.0065072231683	14.2398956688649
AT5G19780.1	0.348941927686017	0.821402232129927	0.842564020221939	0.842564020221939	0.842564020221939	16.7842065804366	16.7842065804366	16.7842065804366
AT5G19820.1	0.0174273976269799	0.659917456808305	3.12468310283023	3.93262099939512	3.97965575781903	14.7754624903621	14.798979869574	15.2029488178565
AT5G20290.1	0.561863777635211	0.835789643116255	0.547219147735875	0.547219147735875	0.547219147735875	16.9884096961448	16.9884096961448	16.9884096961448
AT5G20490.2	0.271949897462633	0.821402232129927	1.00261992477607	1.23790642021913	1.95406188314752	13.0482305362626	13.1781094076653	13.6054528038814
AT5G20630.1	0.850831860926061	0.909350102327512	-0.177236913120178	-0.177236913120178	-0.177236913120178	18.5532114594651	18.5532114594651	18.5532114594651
AT5G20720.1	0.0975122408534193	0.821402232129927	-0.570521273942489	1.62144791992399	3.2249131149364	12.6036459851756	12.798478751046	13.1277312528756
AT5G20890.1	0.346659215589453	0.821402232129927	-1.84462462894496	-1.0235899495204	-0.893896782636112	14.1565822843674	14.4238954758561	14.4447747547202
AT5G20950.3	0.830671260704918	0.896998623726984	-0.380713994059752	-0.233172314770545	0.000410487987806918	15.7674546321597	15.8842460335389	15.9580168731835
AT5G21326.1	0.23742983883802	0.821402232129927	0.150565734144071	1.96096451866383	2.07657144385346	12.5483102002375	12.7841451769104	14.0095680628234
AT5G22330.1	0.807484291080147	0.887139414571612	-0.46750650690726	-0.230439798080484	0.284605416495271	12.8823685051784	13.0202613559317	13.3212468383916
AT5G22650.1	0.7785123144686	0.880805277738252	-0.820653685373827	-0.163945385092996	-0.134109772418042	14.1772633958479	14.1990053434002	14.5166505400277
AT5G22880.1	0.574007499640965	0.835789643116255	0.973792172783541	0.973792172783541	0.973792172783541	19.3464786964635	19.3464786964635	19.3464786964635
AT5G23060.1	0.506083329468473	0.834347056669751	-1.73763070545684	-0.802898416522143	-0.696833953451621	16.0801275229423	16.5474936674097	16.6005258989449
AT5G23740.1	0.681669976538037	0.852741961512368	-0.0923298732498952	0.157471195367253	1.42733593249065	14.4497217897514	15.3158345425771	15.6503765819379
AT5G23860.1	0.324330889626058	0.821402232129927	0.828895469441223	0.828895469441223	0.828895469441223	16.1028141797475	16.1028141797475	16.1028141797475
AT5G23900.1	0.54560745084636	0.834347056669751	0.744184066921977	0.983102270281249	1.62271277197081	12.2573070199292	12.7888418501039	13.3228325230552
AT5G24490.1	0.640819857726	0.835789643116255	-0.678403630990961	0.397666498473033	1.19084212448261	14.1152422726582	14.4871186360057	14.7009751104856
AT5G25460.1	0.881725653233242	0.920969721775246	-0.207903674118029	-0.207903674118029	-0.207903674118029	18.3267526379384	18.3267526379384	18.3267526379384
AT5G25757.1	0.273554444197032	0.821402232129927	0.228942384257686	1.22269395756245	1.92298267175397	12.8717804239135	13.5879477414689	13.690258324838
AT5G25980.2	0.809840933630704	0.888010907919382	0.237256934397218	0.237256934397218	0.237256934397218	16.1256421206111	16.1256421206111	16.1256421206111
AT5G26000.1	0.625190741654628	0.835789643116255	0.63917682778103	0.63917682778103	0.63917682778103	17.0218388156209	17.0218388156209	17.0218388156209
AT5G26210.1	0.518712041419874	0.834347056669751	0.618023734253185	1.58182662746907	1.70533897819688	14.0771992650503	14.5573495892524	15.0525757651952
AT5G26280.3	0.527893601499405	0.834347056669751	-1.25504112606018	-1.06268467096801	-0.0647394727641307	12.8868446211885	13.8722973700519	14.2868737303116
AT5G26360.1	0.36445554606562	0.821402232129927	0.738161413734729	1.34888069547791	2.12607272381727	13.8389283947705	13.9262207056305	14.3422331406042
AT5G26742.2	0.292141078118876	0.821402232129927	0.147295373896509	0.783345910918212	2.28937947646766	13.8607571897202	14.7096793550897	14.8050927743719
AT5G27670.1	0.792003128676738	0.882074072722327	0.281333218389079	0.281333218389079	0.281333218389079	19.3435839698699	19.3435839698699	19.3435839698699
AT5G27770.1	0.426159552227073	0.828333201658298	-2.86011634187041	-0.950313860199259	1.33176237506781	14.0031258115762	14.4441065892885	15.0136442313005
AT5G27850.1	0.818220893240307	0.89032465011589	0.250461055374426	0.250461055374426	0.250461055374426	17.2434817555666	17.2434817555666	17.2434817555666
AT5G28060.1	0.221970620246982	0.821402232129927	0.875730625446705	2.83997000066699	3.08898971508906	13.81601195271	14.2344182769277	14.9270279798913
AT5G28540.1	0.614053631626966	0.835789643116255	-0.449875882236289	-0.449875882236289	-0.449875882236289	15.806052378685	15.806052378685	15.806052378685
AT5G28740.1	0.245182583651008	0.821402232129927	-0.0666392052355991	0.687333451905313	3.07668055657262	13.1677887905422	13.2692037453614	13.5265222668038
AT5G28840.1	0.415030190555316	0.826038140178114	-0.239551461802206	0.198478969738755	2.39951380916231	12.4512140817627	12.4716890186353	12.8469306573514
AT5G30510.1	0.504504091855581	0.834347056669751	-1.50302616637178	-0.227461696511164	0.664395931983897	13.3596871896965	13.4145331001093	13.4473590980338
AT5G35630.1	0.907844463900513	0.93755573726453	0.136646217403473	0.136646217403473	0.136646217403473	16.5481396270471	16.5481396270471	16.5481396270471
AT5G37510.2	0.409420705133403	0.826038140178114	-1.38158731135313	-0.567838868296627	0.338290887691715	12.2982257795231	12.7577607578147	14.0269992146196
AT5G38420.1	0.606832320030386	0.835789643116255	0.843000929667079	0.843000929667079	0.843000929667079	18.1975122908123	18.1975122908123	18.1975122908123
AT5G38480.1	0.084690645730822	0.821402232129927	1.60652481121005	2.29533475306391	3.48558352288164	14.2259007705524	14.8210251554612	15.1654301263882
AT5G40490.1	0.073128312283981	0.821402232129927	2.15214008973985	2.22963588778338	3.38071928496607	14.1606816032786	14.73622330187	14.7749712008917
AT5G40950.1	0.0634939230315612	0.821402232129927	4.5689319498715	5.97110891156717	6.11359955508985	15.2088496436865	15.4577739704513	15.6790076617379
AT5G42080.1	0.630606826197248	0.835789643116255	-0.782381927769755	-0.10548377009995	0.231960106520422	13.1809936065411	13.6780912605623	13.8013849440026
AT5G42270.1	0.336357942971511	0.821402232129927	-0.46336773942648	-0.408750384773719	1.53999151583152	12.7426558396217	13.0470192488284	13.3702119187842
AT5G42820.1	0.332616117781326	0.821402232129927	0.891812404289959	1.48743744676287	2.40632264923551	15.4359808330009	15.8954234342372	16.1932359554736
AT5G43010.1	0.759190123275725	0.872914959555894	-0.897789161107865	-0.172886919977541	0.331991834200799	13.8805196978379	14.1575155339262	14.6776745209626
AT5G44020.1	0.538389363867123	0.834347056669751	-0.592995382780008	-0.592995382780008	-0.592995382780008	17.6608439841291	17.6608439841291	17.6608439841291
AT5G44340.1	0.366752010981774	0.821402232129927	0.823793360361519	0.867876553294803	1.17362841040062	15.7916660310394	15.9445419595923	15.966583556059
AT5G45775.2	0.32747346013097	0.821402232129927	0.938766607397527	0.938766607397527	0.938766607397527	17.7251942862077	17.7251942862077	17.7251942862077
AT5G46070.1	0.451476513068502	0.834347056669751	0.73897652768104	1.33656718131836	1.4075339026261	14.9965623815939	15.0320457422477	15.3308410690664
AT5G47190.1	0.592797661365469	0.835789643116255	0.502869452405684	0.581538890541458	1.25345986119717	13.2928038658366	14.5828423155766	14.7805152221722
AT5G47210.1	0.821330724692128	0.891741679678191	0.110289911371603	0.240444678829122	0.538026890790435	14.8052855648931	15.0551830769024	15.3192265507665
AT5G47690.3	0.65900322737913	0.846863875908022	-0.510485406106488	-0.426024116208057	0.714929421082237	13.88818298445	13.9251522765262	13.9373273545417
AT5G47770.1	0.0209524445704513	0.743811782251023	2.06716185466011	2.75548626549097	3.92520989864493	13.4234548052061	14.008316621783	14.3524788271985
AT5G49360.1	0.501577406690837	0.834347056669751	-0.584618152893258	-0.584618152893258	-0.584618152893258	16.4247246865471	16.4247246865471	16.4247246865471
AT5G49910.1	0.387825863983973	0.826038140178114	-2.09660418024975	-1.30021845826568	-0.732255886776254	14.012353534598	14.5042181786055	14.5263104039851
AT5G50850.1	0.440410830529043	0.834347056669751	-1.26108142015203	-1.24527421244357	-0.618557194703994	13.5292968399942	14.1701660425775	14.2036299768677
AT5G50920.1	0.555793941239821	0.834347056669751	-0.788735757537677	-0.717893995017867	-0.344039916612982	15.1395982557874	15.1750191370473	15.3619461762498
AT5G52040.2	0.260333542744394	0.821402232129927	0.942773651997883	1.08656644561849	2.40410401718031	14.9216196682498	15.5803884540307	15.652284850841
AT5G52470.1	0.574006771464929	0.835789643116255	-0.599713351273338	0.288037455059884	1.92203569328397	13.6606276196133	14.1812639984819	14.3456690671823
AT5G53440.1	0.333173934043439	0.821402232129927	1.22504231413548	1.31242314587414	1.41918151442401	12.3188736199491	13.1341797936977	13.1823024943538
AT5G53480.1	0.515131498160112	0.834347056669751	-0.20305769482477	0.290010933766604	1.66959394840425	13.3440025030883	13.9293832013594	14.0131173538392
AT5G54160.1	0.287482975591901	0.821402232129927	0.805020034069874	1.23068936264682	1.2419625217461	12.9590853659479	13.4711519933874	13.924493128053
AT5G54430.3	0.519667481853023	0.834347056669751	0.122648473960344	0.544514602890209	0.741890031736763	13.0924137165827	14.1646251640607	14.168688794102
AT5G54600.1	0.790297304465448	0.882074072722327	-0.0206414988141269	0.415854696102664	0.572825208143463	13.6675637491271	14.2589417037634	14.3146781003992
AT5G54640.1	0.727307560057788	0.855431932679723	0.681858344579883	0.820412279445021	1.01518263086204	14.9269236967626	15.2603295713957	15.3912871869121
AT5G55190.1	0.619912383533314	0.835789643116255	-0.368159658837008	0.304324047168223	1.15968438834041	14.9614643085995	14.9829767348314	15.0080431600516
AT5G55670.1	0.65015116028692	0.841197856589911	0.114142996436822	0.532725162644725	0.534994188393378	13.3360682284331	13.8589705133183	14.0052528020614
AT5G56010.1	0.0314616725844826	0.821402232129927	2.22908542232586	2.22908542232586	2.22908542232586	18.3819452053585	18.3819452053585	18.3819452053585
AT5G56030.2	0.0545592010653375	0.821402232129927	1.99315890358644	2.11399085203644	4.58377953947972	14.5647374550942	15.7996317988158	15.8600477730408
AT5G56710.1	0.872185825955014	0.914919586546625	-0.277832209640276	0.0410937360210038	0.241658009278088	13.1535641076187	13.4891103696734	14.1343761093132
AT5G58470.1	0.23130409893993	0.821402232129927	1.18579873077256	1.34988402259666	1.66401725479252	14.5005301922323	14.5067796185957	14.5889119167225
AT5G59850.1	0.974051394693955	0.980959560613771	-0.0271491916091756	-0.0271491916091756	-0.0271491916091756	17.2515061303467	17.2515061303467	17.2515061303467
AT5G59870.1	0.371007962348895	0.821402232129927	1.30751362091583	1.65684181043711	2.24876101990256	15.2173705351063	15.513330139839	15.6879942345996
AT5G59910.1	0.417085236593319	0.826038140178114	-1.78971420498751	-1.63079825928305	-1.41917804119347	16.4449843648625	16.5244423377147	16.6302524467595
AT5G59950.5	0.327523695470281	0.821402232129927	-0.962997833128095	-0.432604126394278	2.88946856438846	13.6025665364857	13.8806864811449	14.1088869850585
AT5G59970.1	0.542776157462533	0.834347056669751	0.726313982378786	0.726313982378786	0.726313982378786	21.4336091359254	21.4336091359254	21.4336091359254
AT5G60390.1	0.869160966365932	0.914919586546625	-0.148894030183349	-0.148894030183349	-0.148894030183349	21.3883902468522	21.3883902468522	21.3883902468522
AT5G60790.1	0.276393031778148	0.821402232129927	-2.33194744024279	-0.685371521429352	1.0712099281654	12.9749382515291	13.0024308791991	13.5300336382387
AT5G61780.1	0.485635172642648	0.834347056669751	-1.51183199290055	-0.137703768695053	1.03808964109148	13.6262701581142	13.9033027819899	13.9098500205975
AT5G62190.1	0.154770874825464	0.821402232129927	0.692283253338048	1.69876001926568	3.51134325253947	12.7194202596677	13.0585441365092	13.0690723430865
AT5G62200.1	0.205778216097834	0.821402232129927	1.83778174431564	1.91484252672591	1.94062348376068	12.6493508992791	13.0452943047676	13.4685409152938
AT5G62300.1	0.538971693720022	0.834347056669751	0.57186010002025	0.57186010002025	0.57186010002025	18.2294069824781	18.2294069824781	18.2294069824781
AT5G62350.1	0.5106760922444	0.834347056669751	-1.75556541241633	-0.0548624475691147	0.58618783673913	14.0635202287649	14.6252151756194	14.6529067673181
AT5G62390.1	0.037022535274114	0.821402232129927	2.3256873316893	2.72524949664006	2.76966970929935	14.6465475417399	14.6687576480695	14.8685387305449
AT5G62700.1	0.0690201658817596	0.821402232129927	1.66901730209103	1.66901730209103	1.66901730209103	18.3719428319859	18.3719428319859	18.3719428319859
AT5G63550.2	0.44917080129819	0.834347056669751	0.259040629643034	1.05141569450079	1.20552972114907	12.945875057679	13.684752785283	13.7828490199513
AT5G63800.1	0.696087142945773	0.852741961512368	-0.299541411096979	0.475138973056053	1.26051781071723	12.7483668819912	13.4276430512938	14.2184635895806
AT5G64260.1	0.0553482908914378	0.821402232129927	-3.08045210142096	-2.56342823275579	-1.60153900654866	13.4305560490587	13.9014243514612	14.3760146317716
AT5G64270.1	0.330055447081723	0.821402232129927	1.02200862456383	1.04371139654374	1.04621607873605	12.9158298404409	13.0515736208711	13.364649474684
AT5G65010.2	0.0566780431716863	0.821402232129927	1.80916061276014	2.40456014649018	3.41525880453506	13.6863892703973	14.1917385994198	14.4894383662848
AT5G65220.1	0.367265300362165	0.821402232129927	1.36937067286801	1.37490963367246	2.44406012382576	13.9753068454388	14.0389261833067	14.1995973835505
AT5G66190.1	0.309472043486964	0.821402232129927	0.0833417995811919	0.807853473650466	2.44376881334217	13.4941688918065	14.0235436766639	14.097366719296
AT5G66570.1	0.164716729819079	0.821402232129927	3.07340563258724	3.08154460062693	4.27772067749425	13.6447647702523	13.6905624086616	13.9843583500187
AT5G67360.1	0.959218606142555	0.972166530834475	-0.0436796962823606	-0.0436796962823606	-0.0436796962823606	16.6107791895636	16.6107791895636	16.6107791895636
AT5G67530.1	0.175405715255532	0.821402232129927	1.161417981865	1.27495109408408	2.56628076785776	12.3604064325287	13.8304285985447	13.941581096213
AT5G67630.1	0.511957271288698	0.834347056669751	-0.0834239170559112	0.920089967286921	1.24161806744134	12.8005181517543	13.0753423105844	13.4854741184844
ATCG00020.1	0.137663627996857	0.821402232129927	2.05992390638723	3.09606112727856	3.45348200030159	14.6802203425591	14.8589307790706	15.3769993895163
ATCG00120.1	0.778938755411595	0.880805277738252	-0.7661094587996	-0.631872559489233	-0.125945286199769	16.2049828809507	16.2721013306059	16.5250649672507
ATCG00270.1	0.573875792998743	0.835789643116255	0.429505953780738	1.15422034130657	1.18138702249681	13.7358580788493	14.4212682962629	15.0203986381267
ATCG00280.1	0.364793206981388	0.821402232129927	1.57192077004893	1.78819952578419	3.0273042220827	13.5286279245788	13.5914393512316	14.5949513068637
ATCG00340.1	0.175734149011658	0.821402232129927	1.78222303232655	2.31530830262075	2.68246469558001	13.4637850739793	13.9273445546778	14.4277234220024
ATCG00480.1	0.639288003795599	0.835789643116255	-1.26135234131279	-0.768499039159689	-0.484913430548413	16.4508483666094	16.697275017686	16.8390678219916
ATCG00490.1	0.996256566586206	0.996256566586206	-0.00599318437052903	-0.00599318437052903	-0.00599318437052903	21.5318075689679	21.5318075689679	21.5318075689679
ATCG00540.1	0.326101566323011	0.821402232129927	-0.375608092281668	-0.3474619045317	1.90458787155691	12.5859300571377	13.5050500804841	13.6299055588698
ATCG00680.1	0.0746353535484744	0.821402232129927	2.41269141219138	3.14457977507194	4.80578305525509	13.2677076859681	13.8612996199125	14.110900988428
ATCG00740.1	0.498130637702008	0.834347056669751	-0.991706768184393	0.226905283859092	1.64225712081916	12.9905020410498	13.4560119097082	13.730129758741
ATCG00770.1	0.335315261823373	0.821402232129927	0.731522425867361	1.35049148400965	1.75070938842331	14.315281728737	14.3743424271836	14.8107031939387
ATCG00780.1	0.117296515448111	0.821402232129927	-1.13708109916102	1.16569139230424	2.2784320816496	12.8484651252039	13.4931582928668	13.495157560142
ATCG00790.1	0.15093049115672	0.821402232129927	1.07078849325355	1.70205145021311	3.28016973312811	13.5843051661947	14.4815793954962	14.7948139583834
ATCG01120.1	0.533930393221689	0.834347056669751	-0.415953543255997	0.797628119177537	1.09403716908943	13.8658459980478	14.3750222899134	14.459895016579
ATCG01240.1	0.35170152079995	0.821402232129927	-0.330714017203253	1.13262718595213	2.44034349691696	14.0003176958857	14.3255121921183	14.8647692038656
ATCG01310.1	0.126034436161316	0.821402232129927	1.99656337280729	2.70039296267013	3.47347732230942	12.6636834118611	14.2880957598661	14.4927140125455
ATMG01190.1	0.317154648131789	0.821402232129927	-1.96846892343701	-1.2805518848359	-0.838945878435844	15.2065396385918	15.5504981578923	15.7713011610924
